timestamp,name,alias,group,activity,raw_mileage,share_img,actual_mileage
2020-10-20 00:12:30,Johnny Lee,J. Lee,AFE,Walk,4,,4.0
2020-10-20 00:14:41,Patricia Roberts,P. Roberts,ATC,Swim,8,,48.0
2020-10-20 00:44:20,Jennifer Robbins,J. Robbins,AOSX/AOS,Cycle,5,,1.25
2020-10-20 01:16:27,David Johnson,D. Johnson,AFE,Cycle,3,,0.75
2020-10-20 01:30:09,Paul Hoover,P. Hoover,AFE,Cycle,9,,2.25
2020-10-20 03:48:42,Tanya Lamb,T. Lamb,AFE,Walk,1,,1.0
2020-10-20 04:23:09,Danielle Vaughn,D. Vaughn,ADSS/ADWS/ADWO,Swim,7,,42.0
2020-10-20 09:59:42,Angel Benson,A. Benson,ADSS/ADWS/ADWO,Run,5,,5.0
2020-10-20 10:21:19,Sydney Parsons,S. Parsons,ADW,Walk,10,,10.0
2020-10-20 10:37:06,Stephanie Walker,S. Walker,AFE,Cycle,5,,1.25
2020-10-20 10:54:53,Heidi Caldwell,H. Caldwell,ABM,Swim,7,,42.0
2020-10-20 10:58:28,Hannah Pitts,H. Pitts,AFE,Cycle,8,,2.0
2020-10-20 10:59:35,Mary Jackson,M. Jackson,ATC,Walk,5,,5.0
2020-10-20 11:07:34,Sydney Parsons,S. Parsons,ADW,Walk,4,,4.0
2020-10-20 12:13:33,Patricia Roberts,P. Roberts,ATC,Run,3,,3.0
2020-10-20 12:31:03,Jeffrey Fisher,J. Fisher,ABM,Walk,8,,8.0
2020-10-20 14:03:23,Jessica Carter,J. Carter,ADSS/ADWS/ADWO,Swim,9,,54.0
2020-10-20 14:56:08,Todd Cross,T. Cross,ABM,Run,10,,10.0
2020-10-20 15:11:11,Rick Johnson,R. Johnson,ATC,Walk,6,,6.0
2020-10-20 15:35:51,Kimberly Thomas,K. Thomas,AFE,Cycle,10,,2.5
2020-10-20 16:00:44,Arthur Kelly,A. Kelly,ATC,Swim,3,,18.0
2020-10-20 21:20:23,Shelby Robertson,S. Robertson,ABM,Walk,1,,1.0
2020-10-20 22:10:08,Zachary Thomas,Z. Thomas,ADSS/ADWS/ADWO,Run,3,,3.0
2020-10-20 23:20:59,Jonathan Calderon,J. Calderon,AFE,Cycle,6,,1.5
2020-10-21 01:14:08,Kimberly Thomas,K. Thomas,AFE,Cycle,10,,2.5
2020-10-21 01:19:57,Steven Johnson,S. Johnson,ADW,Swim,1,,6.0
2020-10-21 02:16:50,Robert Clark,R. Clark,ABM,Run,2,,2.0
2020-10-21 02:23:59,Kyle Jones,K. Jones,AFE,Cycle,2,,0.5
2020-10-21 02:33:53,Rick Rodriguez,R. Rodriguez,ADSS/ADWS/ADWO,Run,10,,10.0
2020-10-21 03:47:44,Tammy Franco,T. Franco,AFE,Swim,10,,60.0
2020-10-21 04:27:30,Justin Richardson,J. Richardson,ADW,Run,2,,2.0
2020-10-21 05:03:41,Julie Lam,J. Lam,AOSX/AOS,Cycle,6,,1.5
2020-10-21 05:13:28,Brandon Ramos,B. Ramos,AFE,Walk,1,,1.0
2020-10-21 08:05:09,Erica Raymond,E. Raymond,ADSS/ADWS/ADWO,Cycle,4,,1.0
2020-10-21 10:20:38,Sean Mcdonald,S. Mcdonald,AFE,Run,5,,5.0
2020-10-21 11:05:45,Danielle Vaughn,D. Vaughn,ADSS/ADWS/ADWO,Walk,4,,4.0
2020-10-21 11:44:23,Vicki Flores,V. Flores,ADSS/ADWS/ADWO,Cycle,2,,0.5
2020-10-21 12:41:32,Paul Hoover,P. Hoover,AFE,Walk,5,,5.0
2020-10-21 13:07:06,Sean Mcdonald,S. Mcdonald,AFE,Walk,8,,8.0
2020-10-21 14:51:03,Lori Pham,L. Pham,AOSX/AOS,Cycle,3,,0.75
2020-10-21 15:10:47,Angel Ho,A. Ho,AFE,Cycle,5,,1.25
2020-10-21 15:11:27,Angel Ho,A. Ho,AFE,Swim,5,,30.0
2020-10-21 17:47:13,Danielle Vaughn,D. Vaughn,ADSS/ADWS/ADWO,Cycle,8,,2.0
2020-10-21 17:50:43,Amanda Taylor,A. Taylor,ADW,Run,10,,10.0
2020-10-21 18:44:56,Jade Johnson,J. Johnson,ADSS/ADWS/ADWO,Run,2,,2.0
2020-10-21 21:43:31,Catherine Smith,C. Smith,ADW,Cycle,6,,1.5
2020-10-21 22:17:23,Mark Booker,M. Booker,AOSX/AOS,Walk,5,,5.0
2020-10-21 22:40:28,Jacqueline Young,J. Young,ADSS/ADWS/ADWO,Walk,7,,7.0
2020-10-21 23:00:11,Rick Johnson,R. Johnson,ATC,Swim,2,,12.0
2020-10-21 23:39:40,Danielle Vaughn,D. Vaughn,ADSS/ADWS/ADWO,Run,5,,5.0
2020-10-22 00:18:09,Barbara Baker,B. Baker,ATC,Walk,6,,6.0
2020-10-22 00:45:25,Lisa Simpson,L. Simpson,AFE,Cycle,8,,2.0
2020-10-22 01:10:48,Anthony Warren,A. Warren,ADSS/ADWS/ADWO,Swim,3,,18.0
2020-10-22 01:16:09,Susan Hill,S. Hill,AOSX/AOS,Cycle,1,,0.25
2020-10-22 02:48:32,Misty Stout,M. Stout,ADSS/ADWS/ADWO,Walk,10,,10.0
2020-10-22 03:01:31,Sydney Parsons,S. Parsons,ADW,Swim,4,,24.0
2020-10-22 03:16:28,Cameron Proctor,C. Proctor,ADSS/ADWS/ADWO,Run,5,,5.0
2020-10-22 03:25:58,Catherine Smith,C. Smith,ADW,Cycle,4,,1.0
2020-10-22 04:10:19,Barbara Williams,B. Williams,ADW,Cycle,1,,0.25
2020-10-22 04:17:41,James Hammond,J. Hammond,ADSS/ADWS/ADWO,Walk,7,,7.0
2020-10-22 06:53:03,Catherine Wilkins,C. Wilkins,AFE,Swim,2,,12.0
2020-10-22 07:22:50,Wendy Maynard,W. Maynard,AFE,Cycle,5,,1.25
2020-10-22 09:04:59,Brandon Fuller,B. Fuller,ABM,Walk,7,,7.0
2020-10-22 09:19:33,Steven Johnson,S. Johnson,ADW,Run,6,,6.0
2020-10-22 10:06:23,Robert Clark,R. Clark,ABM,Swim,4,,24.0
2020-10-22 16:22:21,Stephanie Walker,S. Walker,AFE,Run,5,,5.0
2020-10-22 17:19:17,Zachary Thomas,Z. Thomas,ADSS/ADWS/ADWO,Run,1,,1.0
2020-10-22 17:49:35,Lori Pham,L. Pham,AOSX/AOS,Walk,6,,6.0
2020-10-22 17:52:56,James Mays,J. Mays,ADW,Run,7,,7.0
2020-10-22 17:54:15,Erica Raymond,E. Raymond,ADSS/ADWS/ADWO,Swim,8,,48.0
2020-10-22 22:13:36,Paula Scott,P. Scott,ATC,Walk,1,,1.0
2020-10-22 22:14:16,Aaron Graham,A. Graham,ADSS/ADWS/ADWO,Cycle,7,,1.75
2020-10-22 23:21:30,Tracey Nguyen,T. Nguyen,AOSX/AOS,Cycle,1,,0.25
2020-10-23 02:03:17,Rick Johnson,R. Johnson,ATC,Walk,8,,8.0
2020-10-23 02:15:28,Charles Tyler,C. Tyler,AFE,Walk,10,,10.0
2020-10-23 03:06:08,Tracey Nguyen,T. Nguyen,AOSX/AOS,Walk,6,,6.0
2020-10-23 03:16:21,Stephanie Walker,S. Walker,AFE,Swim,3,,18.0
2020-10-23 03:34:55,Steven Peterson,S. Peterson,ADW,Walk,8,,8.0
2020-10-23 05:12:05,Brandon Russell,B. Russell,ATC,Swim,6,,36.0
2020-10-23 06:24:53,Aaron Graham,A. Graham,ADSS/ADWS/ADWO,Cycle,9,,2.25
2020-10-23 07:13:48,James Jones,J. Jones,AOSX/AOS,Swim,3,,18.0
2020-10-23 08:31:52,Rachel Webb,R. Webb,AFE,Cycle,5,,1.25
2020-10-23 10:28:03,Stephanie Lee DDS,S. Lee,ADW,Run,8,,8.0
2020-10-23 11:23:03,Evan Peterson,E. Peterson,AOSX/AOS,Cycle,3,,0.75
2020-10-23 12:09:30,Harold Perez,H. Perez,AOSX/AOS,Run,3,,3.0
2020-10-23 13:50:57,Misty Stout,M. Stout,ADSS/ADWS/ADWO,Walk,8,,8.0
2020-10-23 14:16:28,Veronica Barnett,V. Barnett,ADW,Cycle,3,,0.75
2020-10-23 14:53:27,Matthew Payne,M. Payne,AFE,Swim,6,,36.0
2020-10-23 17:17:08,Paula Scott,P. Scott,ATC,Cycle,4,,1.0
2020-10-23 17:30:51,Shelby Robertson,S. Robertson,ABM,Swim,8,,48.0
2020-10-23 18:07:44,Paula Scott,P. Scott,ATC,Cycle,9,,2.25
2020-10-23 22:01:57,Rick Rodriguez,R. Rodriguez,ADSS/ADWS/ADWO,Cycle,9,,2.25
2020-10-23 23:00:45,Barbara Williams,B. Williams,ADW,Run,10,,10.0
2020-10-23 23:50:01,James Jones,J. Jones,AOSX/AOS,Swim,7,,42.0
2020-10-23 23:50:04,Mark Booker,M. Booker,AOSX/AOS,Run,2,,2.0
2020-10-23 23:58:33,Lori Pham,L. Pham,AOSX/AOS,Walk,4,,4.0
2020-10-24 00:47:43,Antonio Taylor,A. Taylor,ABM,Cycle,2,,0.5
2020-10-24 02:18:16,Mark Booker,M. Booker,AOSX/AOS,Run,5,,5.0
2020-10-24 02:40:14,Deborah Gonzales,D. Gonzales,ABM,Walk,8,,8.0
2020-10-24 03:37:08,Steven Peterson,S. Peterson,ADW,Walk,4,,4.0
2020-10-24 03:50:28,Deborah Gonzales,D. Gonzales,ABM,Cycle,2,,0.5
2020-10-24 04:44:09,Evelyn Christian,E. Christian,AOSX/AOS,Swim,3,,18.0
2020-10-24 04:52:15,William Baker,W. Baker,AFE,Run,9,,9.0
2020-10-24 05:36:30,Sydney Parsons,S. Parsons,ADW,Walk,8,,8.0
2020-10-24 07:27:54,Jonathan Gardner,J. Gardner,AFE,Run,8,,8.0
2020-10-24 07:57:08,Heidi Caldwell,H. Caldwell,ABM,Run,6,,6.0
2020-10-24 08:08:20,Jonathan Gardner,J. Gardner,AFE,Run,4,,4.0
2020-10-24 09:11:39,Patricia Roberts,P. Roberts,ATC,Walk,10,,10.0
2020-10-24 11:14:13,Jonathan Calderon,J. Calderon,AFE,Cycle,9,,2.25
2020-10-24 11:28:09,Arthur Kelly,A. Kelly,ATC,Run,6,,6.0
2020-10-24 13:32:02,Angel Benson,A. Benson,ADSS/ADWS/ADWO,Swim,2,,12.0
2020-10-24 17:13:15,Julie Lam,J. Lam,AOSX/AOS,Swim,2,,12.0
2020-10-24 17:23:29,Harold Perez,H. Perez,AOSX/AOS,Cycle,5,,1.25
2020-10-24 20:25:54,Michael Brown,M. Brown,ABM,Walk,5,,5.0
2020-10-25 01:17:42,Cynthia Webb,C. Webb,ADW,Swim,8,,48.0
2020-10-25 01:27:28,Stefanie Tucker,S. Tucker,ABM,Walk,7,,7.0
2020-10-25 02:33:07,Patricia Roberts,P. Roberts,ATC,Run,1,,1.0
2020-10-25 02:46:48,Jeffrey Smith,J. Smith,ABM,Walk,1,,1.0
2020-10-25 03:55:58,Jessica Carter,J. Carter,ADSS/ADWS/ADWO,Swim,8,,48.0
2020-10-25 09:29:07,Thomas Berry,T. Berry,ADSS/ADWS/ADWO,Cycle,8,,2.0
2020-10-25 10:35:19,Cynthia Webb,C. Webb,ADW,Walk,5,,5.0
2020-10-25 10:35:51,Shawn Brown,S. Brown,ATC,Swim,6,,36.0
2020-10-25 10:52:33,Pamela Graham,P. Graham,ADW,Swim,8,,48.0
2020-10-25 11:40:24,Matthew Payne,M. Payne,AFE,Swim,3,,18.0
2020-10-25 13:41:15,Michael Brown,M. Brown,ABM,Swim,2,,12.0
2020-10-25 13:53:36,Lawrence Crawford,L. Crawford,AFE,Swim,1,,6.0
2020-10-25 14:27:33,Paul Rogers,P. Rogers,AOSX/AOS,Run,3,,3.0
2020-10-25 15:47:15,Danny Mason,D. Mason,AOSX/AOS,Run,10,,10.0
2020-10-25 16:31:57,Ryan Mack,R. Mack,ADSS/ADWS/ADWO,Run,9,,9.0
2020-10-25 17:29:19,Angel Ho,A. Ho,AFE,Run,4,,4.0
2020-10-25 17:48:54,David Bell,D. Bell,AOSX/AOS,Cycle,8,,2.0
2020-10-25 17:50:39,Brandon Ramos,B. Ramos,AFE,Swim,1,,6.0
2020-10-25 18:08:47,Erica Raymond,E. Raymond,ADSS/ADWS/ADWO,Swim,4,,24.0
2020-10-25 18:20:52,Rick Rodriguez,R. Rodriguez,ADSS/ADWS/ADWO,Walk,3,,3.0
2020-10-25 19:08:08,Paul Hoover,P. Hoover,AFE,Run,7,,7.0
2020-10-25 21:19:03,Jennifer Robbins,J. Robbins,AOSX/AOS,Walk,7,,7.0
2020-10-25 21:53:54,Paul Hoover,P. Hoover,AFE,Swim,9,,54.0
2020-10-25 21:57:19,Zachary Thomas,Z. Thomas,ADSS/ADWS/ADWO,Walk,10,,10.0
2020-10-25 22:36:56,Pamela Graham,P. Graham,ADW,Cycle,1,,0.25
2020-10-26 00:17:45,Paula Scott,P. Scott,ATC,Swim,5,,30.0
2020-10-26 00:40:05,James Mays,J. Mays,ADW,Swim,10,,60.0
2020-10-26 00:48:23,Tammy Franco,T. Franco,AFE,Walk,4,,4.0
2020-10-26 01:09:22,David Johnson,D. Johnson,AFE,Swim,2,,12.0
2020-10-26 01:58:25,Sydney Parsons,S. Parsons,ADW,Cycle,5,,1.25
2020-10-26 02:34:29,Laura Tucker,L. Tucker,AOSX/AOS,Run,4,,4.0
2020-10-26 02:47:13,Christopher Perry,C. Perry,ABM,Swim,9,,54.0
2020-10-26 03:29:14,Lori Pham,L. Pham,AOSX/AOS,Walk,3,,3.0
2020-10-26 04:28:45,Kimberly Thomas,K. Thomas,AFE,Run,5,,5.0
2020-10-26 04:53:41,Heidi Caldwell,H. Caldwell,ABM,Cycle,2,,0.5
2020-10-26 05:09:19,William Wallace,W. Wallace,AOSX/AOS,Swim,6,,36.0
2020-10-26 05:17:06,William Brown,W. Brown,ADSS/ADWS/ADWO,Walk,7,,7.0
2020-10-26 05:23:50,Sean Mcdonald,S. Mcdonald,AFE,Swim,3,,18.0
2020-10-26 05:46:14,Heidi Caldwell,H. Caldwell,ABM,Run,6,,6.0
2020-10-26 06:21:21,Julie Lam,J. Lam,AOSX/AOS,Run,6,,6.0
2020-10-26 06:38:35,Shawn Brown,S. Brown,ATC,Swim,10,,60.0
2020-10-26 09:19:07,Angel Ho,A. Ho,AFE,Run,4,,4.0
2020-10-26 10:44:07,Veronica Barnett,V. Barnett,ADW,Run,5,,5.0
2020-10-26 11:21:03,Arthur Kelly,A. Kelly,ATC,Walk,8,,8.0
2020-10-26 12:43:56,Amanda Taylor,A. Taylor,ADW,Swim,9,,54.0
2020-10-26 13:03:35,Cameron Proctor,C. Proctor,ADSS/ADWS/ADWO,Walk,6,,6.0
2020-10-26 13:20:04,Craig Gonzalez,C. Gonzalez,ATC,Walk,3,,3.0
2020-10-26 16:09:21,Paul Hoover,P. Hoover,AFE,Run,2,,2.0
2020-10-26 17:58:27,Thomas Berry,T. Berry,ADSS/ADWS/ADWO,Walk,7,,7.0
2020-10-26 19:51:04,Zachary Thomas,Z. Thomas,ADSS/ADWS/ADWO,Run,8,,8.0
2020-10-26 21:17:39,Craig Gonzalez,C. Gonzalez,ATC,Run,1,,1.0
2020-10-26 22:32:48,Kyle Jones,K. Jones,AFE,Swim,7,,42.0
2020-10-26 22:57:29,William Brown,W. Brown,ADSS/ADWS/ADWO,Walk,8,,8.0
2020-10-27 00:35:21,Evelyn Christian,E. Christian,AOSX/AOS,Run,3,,3.0
2020-10-27 00:54:12,Stephanie Lee DDS,S. Lee,ADW,Walk,10,,10.0
2020-10-27 01:29:50,Deborah Gonzales,D. Gonzales,ABM,Walk,4,,4.0
2020-10-27 02:04:14,Misty Stout,M. Stout,ADSS/ADWS/ADWO,Walk,2,,2.0
2020-10-27 02:57:24,Todd Cross,T. Cross,ABM,Run,1,,1.0
2020-10-27 03:36:16,Justin Richardson,J. Richardson,ADW,Swim,2,,12.0
2020-10-27 05:31:09,Evan Peterson,E. Peterson,AOSX/AOS,Cycle,2,,0.5
2020-10-27 07:28:46,Heidi Caldwell,H. Caldwell,ABM,Cycle,5,,1.25
2020-10-27 08:36:09,Catherine Wilkins,C. Wilkins,AFE,Run,8,,8.0
2020-10-27 08:45:53,Sydney Parsons,S. Parsons,ADW,Run,2,,2.0
2020-10-27 08:54:49,William Wallace,W. Wallace,AOSX/AOS,Swim,7,,42.0
2020-10-27 08:58:04,Angel Benson,A. Benson,ADSS/ADWS/ADWO,Swim,4,,24.0
2020-10-27 10:33:03,Deborah Gonzales,D. Gonzales,ABM,Run,3,,3.0
2020-10-27 11:15:06,Antonio Taylor,A. Taylor,ABM,Walk,3,,3.0
2020-10-27 11:43:17,Jeffrey Smith,J. Smith,ABM,Swim,1,,6.0
2020-10-27 14:56:02,James Jones,J. Jones,AOSX/AOS,Cycle,8,,2.0
2020-10-27 15:00:27,Craig Gonzalez,C. Gonzalez,ATC,Swim,2,,12.0
2020-10-27 16:30:40,Johnny Lee,J. Lee,AFE,Walk,6,,6.0
2020-10-27 18:42:27,Tammy Franco,T. Franco,AFE,Run,4,,4.0
2020-10-27 19:20:15,Pamela Graham,P. Graham,ADW,Walk,4,,4.0
2020-10-27 19:57:35,Charles Tyler,C. Tyler,AFE,Walk,1,,1.0
2020-10-27 20:12:03,Jessica Carter,J. Carter,ADSS/ADWS/ADWO,Cycle,2,,0.5
2020-10-27 23:17:26,Tracey Nguyen,T. Nguyen,AOSX/AOS,Swim,5,,30.0
2020-10-27 23:41:27,Sean Mcdonald,S. Mcdonald,AFE,Cycle,3,,0.75
2020-10-28 00:13:50,Kenneth Rogers,K. Rogers,ABM,Swim,9,,54.0
2020-10-28 00:40:24,Matthew Payne,M. Payne,AFE,Run,8,,8.0
2020-10-28 01:08:06,Morgan Woods,M. Woods,ADSS/ADWS/ADWO,Run,3,,3.0
2020-10-28 01:15:51,Melinda Little,M. Little,ABM,Swim,9,,54.0
2020-10-28 03:00:39,David Johnson,D. Johnson,AFE,Cycle,1,,0.25
2020-10-28 03:32:11,Shelby Robertson,S. Robertson,ABM,Run,7,,7.0
2020-10-28 03:47:20,Robert Clark,R. Clark,ABM,Run,9,,9.0
2020-10-28 04:10:24,Heidi Caldwell,H. Caldwell,ABM,Cycle,3,,0.75
2020-10-28 04:44:00,Ian Townsend,I. Townsend,AOSX/AOS,Cycle,7,,1.75
2020-10-28 06:07:00,Wendy Maynard,W. Maynard,AFE,Run,10,,10.0
2020-10-28 06:08:08,Catherine Smith,C. Smith,ADW,Swim,9,,54.0
2020-10-28 06:20:07,Arthur Kelly,A. Kelly,ATC,Swim,3,,18.0
2020-10-28 06:23:06,Kelsey Pacheco,K. Pacheco,ADSS/ADWS/ADWO,Swim,10,,60.0
2020-10-28 07:12:24,Evan Peterson,E. Peterson,AOSX/AOS,Swim,4,,24.0
2020-10-28 08:27:24,Ian Townsend,I. Townsend,AOSX/AOS,Walk,5,,5.0
2020-10-28 08:48:55,Tracey Nguyen,T. Nguyen,AOSX/AOS,Run,8,,8.0
2020-10-28 09:16:25,Ian Townsend,I. Townsend,AOSX/AOS,Run,10,,10.0
2020-10-28 09:58:18,Pamela Graham,P. Graham,ADW,Walk,5,,5.0
2020-10-28 10:32:42,Christopher Perry,C. Perry,ABM,Swim,6,,36.0
2020-10-28 11:28:55,David Johnson,D. Johnson,AFE,Cycle,8,,2.0
2020-10-28 11:38:03,Jennifer Robbins,J. Robbins,AOSX/AOS,Walk,9,,9.0
2020-10-28 11:41:48,Misty Stout,M. Stout,ADSS/ADWS/ADWO,Swim,3,,18.0
2020-10-28 12:58:13,Misty Stout,M. Stout,ADSS/ADWS/ADWO,Cycle,5,,1.25
2020-10-28 13:45:33,David Bell,D. Bell,AOSX/AOS,Walk,6,,6.0
2020-10-28 13:54:11,Christopher Perry,C. Perry,ABM,Run,6,,6.0
2020-10-28 14:37:32,Jeffrey Fisher,J. Fisher,ABM,Swim,9,,54.0
2020-10-28 14:45:37,Aaron Graham,A. Graham,ADSS/ADWS/ADWO,Cycle,4,,1.0
2020-10-28 16:44:09,Amanda Taylor,A. Taylor,ADW,Run,2,,2.0
2020-10-28 20:02:58,James Rodriguez,J. Rodriguez,ADW,Run,4,,4.0
2020-10-28 21:27:43,Pamela Graham,P. Graham,ADW,Run,6,,6.0
2020-10-28 21:35:20,William Brown,W. Brown,ADSS/ADWS/ADWO,Walk,5,,5.0
2020-10-28 23:36:54,Deborah Gonzales,D. Gonzales,ABM,Swim,9,,54.0
2020-10-29 00:10:07,Charles Tyler,C. Tyler,AFE,Walk,4,,4.0
2020-10-29 00:14:28,Jonathan Gardner,J. Gardner,AFE,Run,1,,1.0
2020-10-29 01:10:26,Jonathan Harris,J. Harris,ADW,Walk,1,,1.0
2020-10-29 03:03:29,Morgan Woods,M. Woods,ADSS/ADWS/ADWO,Walk,4,,4.0
2020-10-29 04:19:26,Stefanie Tucker,S. Tucker,ABM,Cycle,8,,2.0
2020-10-29 05:04:58,Sydney Parsons,S. Parsons,ADW,Swim,4,,24.0
2020-10-29 05:29:24,Robert Clark,R. Clark,ABM,Run,5,,5.0
2020-10-29 05:56:31,Rick Rodriguez,R. Rodriguez,ADSS/ADWS/ADWO,Cycle,6,,1.5
2020-10-29 06:33:51,Heidi Caldwell,H. Caldwell,ABM,Walk,2,,2.0
2020-10-29 07:25:45,Stefanie Tucker,S. Tucker,ABM,Run,1,,1.0
2020-10-29 08:25:56,Kyle Jones,K. Jones,AFE,Run,4,,4.0
2020-10-29 09:55:03,William Baker,W. Baker,AFE,Walk,5,,5.0
2020-10-29 10:00:50,Stefanie Tucker,S. Tucker,ABM,Cycle,4,,1.0
2020-10-29 11:39:26,Sean Mcdonald,S. Mcdonald,AFE,Cycle,4,,1.0
2020-10-29 13:58:24,Lori Pham,L. Pham,AOSX/AOS,Swim,10,,60.0
2020-10-29 14:53:08,Aaron Graham,A. Graham,ADSS/ADWS/ADWO,Cycle,9,,2.25
2020-10-29 14:57:18,Christopher Perry,C. Perry,ABM,Walk,5,,5.0
2020-10-29 15:20:08,Deborah Gonzales,D. Gonzales,ABM,Walk,8,,8.0
2020-10-29 15:27:46,Mary Jackson,M. Jackson,ATC,Run,10,,10.0
2020-10-29 15:37:23,Craig Gonzalez,C. Gonzalez,ATC,Run,7,,7.0
2020-10-29 16:52:46,Laura Tucker,L. Tucker,AOSX/AOS,Swim,9,,54.0
2020-10-29 17:34:00,Jonathan Calderon,J. Calderon,AFE,Run,7,,7.0
2020-10-29 17:41:52,Jerome Whitehead,J. Whitehead,ADW,Walk,1,,1.0
2020-10-29 18:13:39,Stefanie Tucker,S. Tucker,ABM,Cycle,10,,2.5
2020-10-29 18:59:08,Brandon Russell,B. Russell,ATC,Swim,3,,18.0
2020-10-29 20:02:09,Ian Townsend,I. Townsend,AOSX/AOS,Run,10,,10.0
2020-10-29 20:35:48,George Cook,G. Cook,ADW,Walk,2,,2.0
2020-10-29 22:16:13,Mark Booker,M. Booker,AOSX/AOS,Swim,1,,6.0
2020-10-29 23:14:48,Kyle Jones,K. Jones,AFE,Cycle,6,,1.5
2020-10-29 23:47:32,Rachel Webb,R. Webb,AFE,Walk,5,,5.0
2020-10-30 00:14:05,Zachary Thomas,Z. Thomas,ADSS/ADWS/ADWO,Run,9,,9.0
2020-10-30 00:17:14,Susan Hill,S. Hill,AOSX/AOS,Swim,8,,48.0
2020-10-30 00:18:54,David Johnson,D. Johnson,AFE,Walk,5,,5.0
2020-10-30 02:16:20,Diana Lee,D. Lee,ATC,Cycle,10,,2.5
2020-10-30 03:25:34,Paul Rogers,P. Rogers,AOSX/AOS,Run,1,,1.0
2020-10-30 04:00:13,Danny Mason,D. Mason,AOSX/AOS,Walk,3,,3.0
2020-10-30 04:37:25,Brandon Ramos,B. Ramos,AFE,Run,9,,9.0
2020-10-30 04:38:23,Cameron Proctor,C. Proctor,ADSS/ADWS/ADWO,Cycle,7,,1.75
2020-10-30 05:54:35,Lisa Simpson,L. Simpson,AFE,Run,10,,10.0
2020-10-30 06:54:46,Jade Johnson,J. Johnson,ADSS/ADWS/ADWO,Walk,5,,5.0
2020-10-30 08:19:26,Heidi Caldwell,H. Caldwell,ABM,Walk,1,,1.0
2020-10-30 11:06:59,Jeffrey Smith,J. Smith,ABM,Swim,4,,24.0
2020-10-30 15:05:53,Johnny Lee,J. Lee,AFE,Run,3,,3.0
2020-10-30 18:14:37,Erica Raymond,E. Raymond,ADSS/ADWS/ADWO,Cycle,10,,2.5
2020-10-30 18:42:41,Jacqueline Young,J. Young,ADSS/ADWS/ADWO,Cycle,1,,0.25
2020-10-30 23:55:20,Mark Villanueva,M. Villanueva,ATC,Swim,10,,60.0
2020-10-31 00:05:09,Misty Stout,M. Stout,ADSS/ADWS/ADWO,Walk,8,,8.0
2020-10-31 00:43:27,Anthony Warren,A. Warren,ADSS/ADWS/ADWO,Run,9,,9.0
2020-10-31 01:00:32,Jade Johnson,J. Johnson,ADSS/ADWS/ADWO,Swim,10,,60.0
2020-10-31 01:48:24,Shawn Brown,S. Brown,ATC,Run,1,,1.0
2020-10-31 03:06:19,Mark Booker,M. Booker,AOSX/AOS,Run,1,,1.0
2020-10-31 03:06:52,Stephanie Walker,S. Walker,AFE,Run,10,,10.0
2020-10-31 03:36:35,Erica Raymond,E. Raymond,ADSS/ADWS/ADWO,Run,8,,8.0
2020-10-31 05:28:21,Pamela Graham,P. Graham,ADW,Cycle,7,,1.75
2020-10-31 07:46:38,Kelsey Pacheco,K. Pacheco,ADSS/ADWS/ADWO,Swim,8,,48.0
2020-10-31 08:17:58,Kyle Jones,K. Jones,AFE,Walk,7,,7.0
2020-10-31 08:55:04,Cameron Proctor,C. Proctor,ADSS/ADWS/ADWO,Run,8,,8.0
2020-10-31 09:38:12,Anthony Warren,A. Warren,ADSS/ADWS/ADWO,Walk,4,,4.0
2020-10-31 12:42:40,William Brown,W. Brown,ADSS/ADWS/ADWO,Swim,8,,48.0
2020-10-31 13:13:36,Robert Clark,R. Clark,ABM,Swim,7,,42.0
2020-10-31 14:35:48,Johnny Lee,J. Lee,AFE,Run,9,,9.0
2020-10-31 16:00:01,Danny Mason,D. Mason,AOSX/AOS,Swim,2,,12.0
2020-10-31 16:29:19,Sean Mcdonald,S. Mcdonald,AFE,Walk,1,,1.0
2020-10-31 17:42:59,Stefanie Tucker,S. Tucker,ABM,Walk,7,,7.0
2020-10-31 18:35:57,Melinda Little,M. Little,ABM,Cycle,7,,1.75
2020-10-31 21:18:30,James Hammond,J. Hammond,ADSS/ADWS/ADWO,Swim,6,,36.0
2020-10-31 22:59:53,Morgan Woods,M. Woods,ADSS/ADWS/ADWO,Run,5,,5.0
2020-10-31 23:09:23,Jacqueline Young,J. Young,ADSS/ADWS/ADWO,Walk,8,,8.0
2020-10-31 23:22:08,Angel Ho,A. Ho,AFE,Cycle,3,,0.75
2020-10-31 23:43:48,Barbara Baker,B. Baker,ATC,Walk,2,,2.0
2020-11-01 00:10:14,Amanda Taylor,A. Taylor,ADW,Walk,10,,10.0
2020-11-01 00:36:59,Laura Tucker,L. Tucker,AOSX/AOS,Cycle,7,,1.75
2020-11-01 01:27:57,Lisa Simpson,L. Simpson,AFE,Cycle,7,,1.75
2020-11-01 01:40:58,Shelby Robertson,S. Robertson,ABM,Walk,8,,8.0
2020-11-01 03:17:42,Cameron Proctor,C. Proctor,ADSS/ADWS/ADWO,Cycle,7,,1.75
2020-11-01 05:27:01,James Rodriguez,J. Rodriguez,ADW,Swim,5,,30.0
2020-11-01 06:33:26,Evelyn Christian,E. Christian,AOSX/AOS,Swim,5,,30.0
2020-11-01 06:48:34,Mark Booker,M. Booker,AOSX/AOS,Walk,9,,9.0
2020-11-01 06:56:20,Andrea Ayers,A. Ayers,ADSS/ADWS/ADWO,Cycle,5,,1.25
2020-11-01 06:57:32,Kenneth Rogers,K. Rogers,ABM,Walk,10,,10.0
2020-11-01 06:58:00,Jeffrey Smith,J. Smith,ABM,Swim,3,,18.0
2020-11-01 07:42:23,Pamela Graham,P. Graham,ADW,Run,8,,8.0
2020-11-01 08:34:09,George Cook,G. Cook,ADW,Walk,4,,4.0
2020-11-01 08:55:59,Paul Hoover,P. Hoover,AFE,Walk,4,,4.0
2020-11-01 09:19:22,Diana Lee,D. Lee,ATC,Walk,9,,9.0
2020-11-01 14:11:25,Aaron Graham,A. Graham,ADSS/ADWS/ADWO,Swim,4,,24.0
2020-11-01 14:48:04,Jerome Whitehead,J. Whitehead,ADW,Walk,2,,2.0
2020-11-01 16:48:22,Angel Benson,A. Benson,ADSS/ADWS/ADWO,Swim,2,,12.0
2020-11-01 17:42:16,Lisa Simpson,L. Simpson,AFE,Swim,4,,24.0
2020-11-01 18:21:47,Morgan Woods,M. Woods,ADSS/ADWS/ADWO,Walk,9,,9.0
2020-11-01 18:33:26,Heidi Caldwell,H. Caldwell,ABM,Walk,5,,5.0
2020-11-01 19:21:05,Brian Lambert,B. Lambert,AFE,Cycle,6,,1.5
2020-11-01 19:23:29,Sydney Parsons,S. Parsons,ADW,Walk,3,,3.0
2020-11-01 21:32:25,Stefanie Tucker,S. Tucker,ABM,Run,10,,10.0
2020-11-01 23:46:41,Paula Scott,P. Scott,ATC,Swim,9,,54.0
2020-11-01 23:49:34,Laura Tucker,L. Tucker,AOSX/AOS,Walk,1,,1.0
2020-11-02 01:22:29,Cynthia Webb,C. Webb,ADW,Cycle,8,,2.0
2020-11-02 01:53:47,Jessica Carter,J. Carter,ADSS/ADWS/ADWO,Run,5,,5.0
2020-11-02 02:06:49,Patricia Roberts,P. Roberts,ATC,Cycle,1,,0.25
2020-11-02 02:32:40,Jerome Whitehead,J. Whitehead,ADW,Swim,10,,60.0
2020-11-02 02:35:02,Paul Rogers,P. Rogers,AOSX/AOS,Cycle,5,,1.25
2020-11-02 02:50:42,Amanda Taylor,A. Taylor,ADW,Run,4,,4.0
2020-11-02 04:05:08,Vicki Flores,V. Flores,ADSS/ADWS/ADWO,Cycle,3,,0.75
2020-11-02 04:36:06,Arthur Kelly,A. Kelly,ATC,Walk,9,,9.0
2020-11-02 04:48:28,Thomas Berry,T. Berry,ADSS/ADWS/ADWO,Run,1,,1.0
2020-11-02 05:16:04,Patricia Roberts,P. Roberts,ATC,Run,2,,2.0
2020-11-02 05:23:50,Tanya Lamb,T. Lamb,AFE,Swim,7,,42.0
2020-11-02 07:03:42,Jacqueline Young,J. Young,ADSS/ADWS/ADWO,Run,6,,6.0
2020-11-02 07:29:18,Zachary Thomas,Z. Thomas,ADSS/ADWS/ADWO,Cycle,8,,2.0
2020-11-02 07:41:22,Amanda Taylor,A. Taylor,ADW,Run,9,,9.0
2020-11-02 07:46:25,Paul Rogers,P. Rogers,AOSX/AOS,Walk,8,,8.0
2020-11-02 12:37:18,Shawn Brown,S. Brown,ATC,Run,8,,8.0
2020-11-02 14:37:09,Stephanie Walker,S. Walker,AFE,Walk,5,,5.0
2020-11-02 18:15:50,Jonathan Harris,J. Harris,ADW,Cycle,3,,0.75
2020-11-02 21:04:45,Stephanie Lee DDS,S. Lee,ADW,Walk,1,,1.0
2020-11-02 22:18:28,David Johnson,D. Johnson,AFE,Cycle,7,,1.75
2020-11-02 23:19:16,Brandon Russell,B. Russell,ATC,Cycle,5,,1.25
2020-11-02 23:41:01,Shawn Brown,S. Brown,ATC,Swim,4,,24.0
2020-11-02 23:45:02,Jonathan Calderon,J. Calderon,AFE,Walk,1,,1.0
2020-11-03 00:15:00,Paul Rogers,P. Rogers,AOSX/AOS,Walk,10,,10.0
2020-11-03 01:12:47,Diana Lee,D. Lee,ATC,Walk,9,,9.0
2020-11-03 03:07:11,Brandon Ramos,B. Ramos,AFE,Cycle,2,,0.5
2020-11-03 04:50:26,Charles Tyler,C. Tyler,AFE,Run,4,,4.0
2020-11-03 04:59:54,Charles Tyler,C. Tyler,AFE,Cycle,4,,1.0
2020-11-03 05:51:34,Stephanie Lee DDS,S. Lee,ADW,Cycle,10,,2.5
2020-11-03 05:53:29,Rachel Webb,R. Webb,AFE,Walk,2,,2.0
2020-11-03 06:36:51,Jeffrey Smith,J. Smith,ABM,Swim,1,,6.0
2020-11-03 10:36:24,Lawrence Crawford,L. Crawford,AFE,Walk,5,,5.0
2020-11-03 11:20:17,James Jones,J. Jones,AOSX/AOS,Swim,6,,36.0
2020-11-03 11:44:50,Aaron Graham,A. Graham,ADSS/ADWS/ADWO,Cycle,6,,1.5
2020-11-03 13:45:35,Heidi Caldwell,H. Caldwell,ABM,Swim,8,,48.0
2020-11-03 14:05:07,Jeffrey Smith,J. Smith,ABM,Cycle,8,,2.0
2020-11-03 16:27:00,Lawrence Crawford,L. Crawford,AFE,Swim,2,,12.0
2020-11-03 17:16:52,Ian Townsend,I. Townsend,AOSX/AOS,Swim,5,,30.0
2020-11-03 18:26:30,Stefanie Tucker,S. Tucker,ABM,Walk,4,,4.0
2020-11-03 18:36:01,Heidi Caldwell,H. Caldwell,ABM,Swim,7,,42.0
2020-11-03 20:06:07,Harold Perez,H. Perez,AOSX/AOS,Walk,2,,2.0
2020-11-03 23:04:49,Jennifer Robbins,J. Robbins,AOSX/AOS,Swim,7,,42.0
2020-11-04 00:05:15,Rick Rodriguez,R. Rodriguez,ADSS/ADWS/ADWO,Run,7,,7.0
2020-11-04 00:09:47,Kyle Jones,K. Jones,AFE,Cycle,6,,1.5
2020-11-04 02:01:24,Amanda Taylor,A. Taylor,ADW,Walk,6,,6.0
2020-11-04 02:09:43,Morgan Woods,M. Woods,ADSS/ADWS/ADWO,Walk,7,,7.0
2020-11-04 04:06:48,Melinda Little,M. Little,ABM,Run,2,,2.0
2020-11-04 04:36:03,Cynthia Webb,C. Webb,ADW,Walk,4,,4.0
2020-11-04 05:18:56,Lisa Simpson,L. Simpson,AFE,Cycle,6,,1.5
2020-11-04 05:25:37,Rick Rodriguez,R. Rodriguez,ADSS/ADWS/ADWO,Run,2,,2.0
2020-11-04 05:44:16,Jennifer Robbins,J. Robbins,AOSX/AOS,Walk,8,,8.0
2020-11-04 07:10:56,Barbara Baker,B. Baker,ATC,Swim,6,,36.0
2020-11-04 07:31:03,Paul Rogers,P. Rogers,AOSX/AOS,Swim,10,,60.0
2020-11-04 08:04:48,Brian Lambert,B. Lambert,AFE,Walk,10,,10.0
2020-11-04 08:15:45,Brian Lambert,B. Lambert,AFE,Walk,6,,6.0
2020-11-04 08:21:51,Rachel Webb,R. Webb,AFE,Swim,5,,30.0
2020-11-04 08:39:34,Arthur Kelly,A. Kelly,ATC,Swim,1,,6.0
2020-11-04 09:39:38,Todd Cross,T. Cross,ABM,Run,3,,3.0
2020-11-04 09:56:45,Cynthia Webb,C. Webb,ADW,Walk,3,,3.0
2020-11-04 10:22:36,Steven Peterson,S. Peterson,ADW,Walk,1,,1.0
2020-11-04 13:23:20,Stefanie Tucker,S. Tucker,ABM,Cycle,4,,1.0
2020-11-04 14:09:44,William Wallace,W. Wallace,AOSX/AOS,Walk,5,,5.0
2020-11-04 18:18:50,Stephanie Walker,S. Walker,AFE,Run,9,,9.0
2020-11-04 20:11:37,Charles Tyler,C. Tyler,AFE,Walk,9,,9.0
2020-11-04 20:20:25,Erica Raymond,E. Raymond,ADSS/ADWS/ADWO,Walk,4,,4.0
2020-11-04 20:34:21,Mark Villanueva,M. Villanueva,ATC,Cycle,4,,1.0
2020-11-04 20:37:45,Rick Johnson,R. Johnson,ATC,Cycle,4,,1.0
2020-11-04 21:41:18,Mark Villanueva,M. Villanueva,ATC,Run,6,,6.0
2020-11-04 22:51:53,Angel Ho,A. Ho,AFE,Swim,9,,54.0
2020-11-04 22:59:59,Danielle Vaughn,D. Vaughn,ADSS/ADWS/ADWO,Swim,7,,42.0
2020-11-05 00:18:56,Rick Rodriguez,R. Rodriguez,ADSS/ADWS/ADWO,Swim,9,,54.0
2020-11-05 02:27:48,Veronica Barnett,V. Barnett,ADW,Walk,1,,1.0
2020-11-05 03:25:12,Mary Jackson,M. Jackson,ATC,Swim,6,,36.0
2020-11-05 06:00:07,Rachel Webb,R. Webb,AFE,Cycle,4,,1.0
2020-11-05 07:11:06,Jennifer Robbins,J. Robbins,AOSX/AOS,Cycle,3,,0.75
2020-11-05 11:04:48,Melinda Little,M. Little,ABM,Run,9,,9.0
2020-11-05 11:06:38,Jonathan Harris,J. Harris,ADW,Run,1,,1.0
2020-11-05 11:53:35,Veronica Barnett,V. Barnett,ADW,Swim,1,,6.0
2020-11-05 12:13:52,Heidi Caldwell,H. Caldwell,ABM,Swim,3,,18.0
2020-11-05 13:05:00,Brian Lambert,B. Lambert,AFE,Cycle,8,,2.0
2020-11-05 13:09:28,Todd Cross,T. Cross,ABM,Cycle,1,,0.25
2020-11-05 13:46:58,Angel Benson,A. Benson,ADSS/ADWS/ADWO,Walk,5,,5.0
2020-11-05 13:57:43,Cynthia Webb,C. Webb,ADW,Run,10,,10.0
2020-11-05 14:17:14,Evelyn Christian,E. Christian,AOSX/AOS,Swim,6,,36.0
2020-11-05 14:36:27,Brandon Fuller,B. Fuller,ABM,Cycle,7,,1.75
2020-11-05 17:15:15,Pamela Graham,P. Graham,ADW,Cycle,3,,0.75
2020-11-05 18:41:26,Jerome Whitehead,J. Whitehead,ADW,Swim,1,,6.0
2020-11-05 18:44:40,Jeffrey Smith,J. Smith,ABM,Run,10,,10.0
2020-11-05 19:10:08,Harold Perez,H. Perez,AOSX/AOS,Run,2,,2.0
2020-11-05 20:19:16,Tanya Lamb,T. Lamb,AFE,Run,8,,8.0
2020-11-05 20:28:14,Lori Pham,L. Pham,AOSX/AOS,Swim,7,,42.0
2020-11-05 20:31:06,Stefanie Tucker,S. Tucker,ABM,Cycle,2,,0.5
2020-11-05 22:28:52,Stephanie Walker,S. Walker,AFE,Walk,10,,10.0
2020-11-05 23:27:08,Evan Peterson,E. Peterson,AOSX/AOS,Run,8,,8.0
2020-11-06 00:24:20,Danielle Vaughn,D. Vaughn,ADSS/ADWS/ADWO,Walk,9,,9.0
2020-11-06 02:22:37,Danny Mason,D. Mason,AOSX/AOS,Cycle,8,,2.0
2020-11-06 04:50:19,James Mays,J. Mays,ADW,Walk,8,,8.0
2020-11-06 05:54:22,Cameron Proctor,C. Proctor,ADSS/ADWS/ADWO,Run,7,,7.0
2020-11-06 06:04:45,Patricia Roberts,P. Roberts,ATC,Swim,8,,48.0
2020-11-06 06:33:28,Mark Booker,M. Booker,AOSX/AOS,Run,4,,4.0
2020-11-06 09:03:48,Shawn Brown,S. Brown,ATC,Cycle,9,,2.25
2020-11-06 09:12:04,James Mays,J. Mays,ADW,Swim,1,,6.0
2020-11-06 13:28:21,Tammy Franco,T. Franco,AFE,Swim,6,,36.0
2020-11-06 14:51:07,Kelsey Pacheco,K. Pacheco,ADSS/ADWS/ADWO,Swim,5,,30.0
2020-11-06 14:54:55,Matthew Payne,M. Payne,AFE,Walk,1,,1.0
2020-11-06 15:23:27,Zachary Thomas,Z. Thomas,ADSS/ADWS/ADWO,Cycle,7,,1.75
2020-11-06 16:30:09,Craig Gonzalez,C. Gonzalez,ATC,Cycle,7,,1.75
2020-11-06 21:35:12,Jonathan Calderon,J. Calderon,AFE,Walk,8,,8.0
2020-11-06 22:25:25,Jacqueline Young,J. Young,ADSS/ADWS/ADWO,Cycle,6,,1.5
2020-11-06 22:36:49,Evelyn Christian,E. Christian,AOSX/AOS,Swim,2,,12.0
2020-11-06 23:49:53,Danny Mason,D. Mason,AOSX/AOS,Cycle,2,,0.5
2020-11-06 23:55:51,Andrea Ayers,A. Ayers,ADSS/ADWS/ADWO,Swim,10,,60.0
2020-11-07 00:09:53,Cameron Proctor,C. Proctor,ADSS/ADWS/ADWO,Cycle,2,,0.5
2020-11-07 01:11:40,Lisa Simpson,L. Simpson,AFE,Swim,9,,54.0
2020-11-07 02:05:39,James Mays,J. Mays,ADW,Run,4,,4.0
2020-11-07 02:37:55,Angel Ho,A. Ho,AFE,Walk,7,,7.0
2020-11-07 02:58:03,David Johnson,D. Johnson,AFE,Walk,8,,8.0
2020-11-07 04:37:11,Mark Villanueva,M. Villanueva,ATC,Run,3,,3.0
2020-11-07 05:19:49,Rick Johnson,R. Johnson,ATC,Walk,1,,1.0
2020-11-07 07:45:47,Jonathan Calderon,J. Calderon,AFE,Swim,8,,48.0
2020-11-07 10:19:32,Jonathan Calderon,J. Calderon,AFE,Cycle,8,,2.0
2020-11-07 10:56:22,James Jones,J. Jones,AOSX/AOS,Cycle,7,,1.75
2020-11-07 12:27:02,Mark Villanueva,M. Villanueva,ATC,Run,5,,5.0
2020-11-07 16:26:11,Christopher Perry,C. Perry,ABM,Swim,8,,48.0
2020-11-07 17:00:47,Sydney Parsons,S. Parsons,ADW,Swim,8,,48.0
2020-11-07 17:06:48,Ryan Mack,R. Mack,ADSS/ADWS/ADWO,Swim,6,,36.0
2020-11-07 17:38:51,Justin Richardson,J. Richardson,ADW,Run,8,,8.0
2020-11-07 19:46:38,Sean Mcdonald,S. Mcdonald,AFE,Swim,10,,60.0
2020-11-07 20:40:04,Catherine Wilkins,C. Wilkins,AFE,Swim,5,,30.0
2020-11-07 20:53:36,Johnny Lee,J. Lee,AFE,Swim,1,,6.0
2020-11-07 21:12:40,Melinda Little,M. Little,ABM,Swim,2,,12.0
2020-11-07 21:45:11,James Rodriguez,J. Rodriguez,ADW,Cycle,9,,2.25
2020-11-07 21:46:07,Amanda Taylor,A. Taylor,ADW,Walk,2,,2.0
2020-11-07 22:33:49,Antonio Taylor,A. Taylor,ABM,Swim,4,,24.0
2020-11-07 22:55:17,Jennifer Robbins,J. Robbins,AOSX/AOS,Run,8,,8.0
2020-11-07 23:05:33,Jeffrey Fisher,J. Fisher,ABM,Run,4,,4.0
2020-11-08 00:33:42,Lawrence Crawford,L. Crawford,AFE,Run,6,,6.0
2020-11-08 01:52:32,Todd Cross,T. Cross,ABM,Run,3,,3.0
2020-11-08 02:58:15,Brandon Ramos,B. Ramos,AFE,Swim,10,,60.0
2020-11-08 03:22:03,Aaron Graham,A. Graham,ADSS/ADWS/ADWO,Swim,8,,48.0
2020-11-08 03:39:52,Steven Peterson,S. Peterson,ADW,Walk,1,,1.0
2020-11-08 04:08:53,Kyle Jones,K. Jones,AFE,Run,6,,6.0
2020-11-08 04:22:19,David Bell,D. Bell,AOSX/AOS,Cycle,10,,2.5
2020-11-08 04:43:15,William Brown,W. Brown,ADSS/ADWS/ADWO,Swim,9,,54.0
2020-11-08 05:09:21,Sean Mcdonald,S. Mcdonald,AFE,Run,10,,10.0
2020-11-08 05:34:07,Paul Rogers,P. Rogers,AOSX/AOS,Cycle,9,,2.25
2020-11-08 06:17:41,Jeffrey Fisher,J. Fisher,ABM,Run,7,,7.0
2020-11-08 06:28:10,Lisa Simpson,L. Simpson,AFE,Walk,4,,4.0
2020-11-08 07:38:23,Jessica Carter,J. Carter,ADSS/ADWS/ADWO,Walk,2,,2.0
2020-11-08 08:36:33,Antonio Taylor,A. Taylor,ABM,Cycle,2,,0.5
2020-11-08 10:42:08,Jessica Carter,J. Carter,ADSS/ADWS/ADWO,Cycle,7,,1.75
2020-11-08 11:25:28,Brandon Fuller,B. Fuller,ABM,Cycle,10,,2.5
2020-11-08 13:00:01,William Brown,W. Brown,ADSS/ADWS/ADWO,Cycle,8,,2.0
2020-11-08 13:53:03,Heidi Caldwell,H. Caldwell,ABM,Walk,4,,4.0
2020-11-08 14:02:21,Mary Jackson,M. Jackson,ATC,Run,5,,5.0
2020-11-08 14:30:32,Sean Mcdonald,S. Mcdonald,AFE,Swim,6,,36.0
2020-11-08 14:35:09,James Mays,J. Mays,ADW,Run,5,,5.0
2020-11-08 16:12:04,Angel Benson,A. Benson,ADSS/ADWS/ADWO,Cycle,7,,1.75
2020-11-08 16:18:45,Tracey Nguyen,T. Nguyen,AOSX/AOS,Walk,1,,1.0
2020-11-08 19:48:38,Barbara Baker,B. Baker,ATC,Run,3,,3.0
2020-11-08 19:59:55,Vicki Flores,V. Flores,ADSS/ADWS/ADWO,Run,8,,8.0
2020-11-08 21:14:38,Christopher Perry,C. Perry,ABM,Swim,9,,54.0
2020-11-08 21:18:13,Justin Richardson,J. Richardson,ADW,Swim,6,,36.0
2020-11-08 21:41:26,Steven Johnson,S. Johnson,ADW,Walk,10,,10.0
2020-11-09 00:04:23,Angel Benson,A. Benson,ADSS/ADWS/ADWO,Walk,8,,8.0
2020-11-09 02:16:01,James Mays,J. Mays,ADW,Swim,3,,18.0
2020-11-09 03:32:02,Justin Richardson,J. Richardson,ADW,Cycle,8,,2.0
2020-11-09 04:37:19,Steven Johnson,S. Johnson,ADW,Swim,6,,36.0
2020-11-09 05:00:38,Julie Lam,J. Lam,AOSX/AOS,Walk,6,,6.0
2020-11-09 07:32:38,Brandon Fuller,B. Fuller,ABM,Walk,8,,8.0
2020-11-09 08:16:50,Amanda Taylor,A. Taylor,ADW,Walk,4,,4.0
2020-11-09 10:16:34,Barbara Williams,B. Williams,ADW,Cycle,5,,1.25
2020-11-09 10:43:23,Paul Rogers,P. Rogers,AOSX/AOS,Walk,3,,3.0
2020-11-09 12:22:04,Morgan Woods,M. Woods,ADSS/ADWS/ADWO,Swim,7,,42.0
2020-11-09 12:38:47,James Rodriguez,J. Rodriguez,ADW,Walk,2,,2.0
2020-11-09 13:42:22,Mark Booker,M. Booker,AOSX/AOS,Run,8,,8.0
2020-11-09 20:07:13,Rick Rodriguez,R. Rodriguez,ADSS/ADWS/ADWO,Run,1,,1.0
2020-11-09 20:08:12,Mark Booker,M. Booker,AOSX/AOS,Cycle,9,,2.25
2020-11-09 20:29:21,James Rodriguez,J. Rodriguez,ADW,Walk,2,,2.0
2020-11-09 21:30:10,Cynthia Webb,C. Webb,ADW,Swim,8,,48.0
2020-11-09 21:59:46,Melinda Little,M. Little,ABM,Swim,4,,24.0
2020-11-10 01:54:34,Jeffrey Fisher,J. Fisher,ABM,Cycle,5,,1.25
2020-11-10 03:03:20,Antonio Taylor,A. Taylor,ABM,Cycle,2,,0.5
2020-11-10 03:05:28,Kelsey Pacheco,K. Pacheco,ADSS/ADWS/ADWO,Cycle,2,,0.5
2020-11-10 04:35:00,Vicki Flores,V. Flores,ADSS/ADWS/ADWO,Swim,5,,30.0
2020-11-10 05:21:54,Barbara Baker,B. Baker,ATC,Swim,2,,12.0
2020-11-10 05:47:34,Patricia Roberts,P. Roberts,ATC,Walk,10,,10.0
2020-11-10 06:33:39,Antonio Taylor,A. Taylor,ABM,Run,3,,3.0
2020-11-10 07:06:17,Rick Rodriguez,R. Rodriguez,ADSS/ADWS/ADWO,Swim,6,,36.0
2020-11-10 09:27:13,Wendy Maynard,W. Maynard,AFE,Cycle,2,,0.5
2020-11-10 10:31:33,Melinda Little,M. Little,ABM,Walk,3,,3.0
2020-11-10 12:40:01,Angel Benson,A. Benson,ADSS/ADWS/ADWO,Swim,4,,24.0
2020-11-10 14:19:08,Brian Lambert,B. Lambert,AFE,Swim,7,,42.0
2020-11-10 15:03:44,William Wallace,W. Wallace,AOSX/AOS,Cycle,2,,0.5
2020-11-10 15:29:11,Cameron Proctor,C. Proctor,ADSS/ADWS/ADWO,Cycle,4,,1.0
2020-11-10 15:41:35,Brandon Ramos,B. Ramos,AFE,Cycle,3,,0.75
2020-11-10 16:10:14,Aaron Graham,A. Graham,ADSS/ADWS/ADWO,Swim,10,,60.0
2020-11-10 17:27:50,Andrea Ayers,A. Ayers,ADSS/ADWS/ADWO,Walk,6,,6.0
2020-11-10 17:34:24,Kyle Jones,K. Jones,AFE,Swim,6,,36.0
2020-11-10 19:36:24,Hannah Pitts,H. Pitts,AFE,Cycle,3,,0.75
2020-11-10 19:51:12,Matthew Payne,M. Payne,AFE,Walk,1,,1.0
2020-11-10 20:33:54,Jennifer Robbins,J. Robbins,AOSX/AOS,Run,4,,4.0
2020-11-10 23:21:52,Jeffrey Smith,J. Smith,ABM,Cycle,1,,0.25
2020-11-10 23:44:35,Tanya Lamb,T. Lamb,AFE,Cycle,9,,2.25
2020-11-10 23:44:49,Morgan Woods,M. Woods,ADSS/ADWS/ADWO,Swim,4,,24.0
2020-11-11 00:30:02,Zachary Thomas,Z. Thomas,ADSS/ADWS/ADWO,Run,1,,1.0
2020-11-11 01:17:19,William Baker,W. Baker,AFE,Walk,8,,8.0
2020-11-11 02:19:28,Lisa Simpson,L. Simpson,AFE,Walk,1,,1.0
2020-11-11 02:30:00,Pamela Graham,P. Graham,ADW,Walk,8,,8.0
2020-11-11 04:29:08,Erica Raymond,E. Raymond,ADSS/ADWS/ADWO,Swim,4,,24.0
2020-11-11 04:38:43,Angel Benson,A. Benson,ADSS/ADWS/ADWO,Cycle,1,,0.25
2020-11-11 05:07:11,James Rodriguez,J. Rodriguez,ADW,Walk,7,,7.0
2020-11-11 06:02:01,Lawrence Crawford,L. Crawford,AFE,Walk,2,,2.0
2020-11-11 10:40:36,Lawrence Crawford,L. Crawford,AFE,Run,9,,9.0
2020-11-11 12:11:25,Johnny Lee,J. Lee,AFE,Swim,7,,42.0
2020-11-11 12:23:09,Steven Peterson,S. Peterson,ADW,Cycle,8,,2.0
2020-11-11 13:05:05,Kyle Jones,K. Jones,AFE,Walk,2,,2.0
2020-11-11 14:15:32,Barbara Baker,B. Baker,ATC,Walk,6,,6.0
2020-11-11 15:09:51,Diana Lee,D. Lee,ATC,Cycle,7,,1.75
2020-11-11 16:10:40,Mark Booker,M. Booker,AOSX/AOS,Run,3,,3.0
2020-11-11 16:36:40,Thomas Berry,T. Berry,ADSS/ADWS/ADWO,Run,4,,4.0
2020-11-11 19:30:07,Jennifer Robbins,J. Robbins,AOSX/AOS,Run,10,,10.0
2020-11-11 19:52:24,Rick Rodriguez,R. Rodriguez,ADSS/ADWS/ADWO,Walk,7,,7.0
2020-11-11 19:58:11,Michael Brown,M. Brown,ABM,Cycle,10,,2.5
2020-11-11 20:47:32,Morgan Woods,M. Woods,ADSS/ADWS/ADWO,Run,2,,2.0
2020-11-11 20:52:26,Diana Lee,D. Lee,ATC,Cycle,4,,1.0
2020-11-11 22:05:21,Brandon Russell,B. Russell,ATC,Walk,10,,10.0
2020-11-11 22:16:24,Kelsey Pacheco,K. Pacheco,ADSS/ADWS/ADWO,Swim,1,,6.0
2020-11-11 23:27:20,Veronica Barnett,V. Barnett,ADW,Cycle,8,,2.0
2020-11-12 00:39:32,Erica Raymond,E. Raymond,ADSS/ADWS/ADWO,Walk,9,,9.0
2020-11-12 00:53:54,Kimberly Thomas,K. Thomas,AFE,Walk,1,,1.0
2020-11-12 00:54:57,Cameron Proctor,C. Proctor,ADSS/ADWS/ADWO,Swim,10,,60.0
2020-11-12 01:16:44,Danielle Vaughn,D. Vaughn,ADSS/ADWS/ADWO,Run,7,,7.0
2020-11-12 03:59:33,Lori Pham,L. Pham,AOSX/AOS,Run,5,,5.0
2020-11-12 04:35:42,David Bell,D. Bell,AOSX/AOS,Walk,6,,6.0
2020-11-12 04:39:22,Vicki Flores,V. Flores,ADSS/ADWS/ADWO,Swim,4,,24.0
2020-11-12 05:32:40,Kenneth Rogers,K. Rogers,ABM,Swim,8,,48.0
2020-11-12 05:36:49,Jonathan Calderon,J. Calderon,AFE,Run,2,,2.0
2020-11-12 08:36:21,Tanya Lamb,T. Lamb,AFE,Run,6,,6.0
2020-11-12 08:39:58,Susan Hill,S. Hill,AOSX/AOS,Swim,10,,60.0
2020-11-12 10:03:54,Kenneth Rogers,K. Rogers,ABM,Swim,9,,54.0
2020-11-12 10:10:54,David Bell,D. Bell,AOSX/AOS,Walk,4,,4.0
2020-11-12 10:31:20,Lori Pham,L. Pham,AOSX/AOS,Walk,4,,4.0
2020-11-12 10:45:53,Morgan Woods,M. Woods,ADSS/ADWS/ADWO,Swim,4,,24.0
2020-11-12 11:00:00,Wendy Maynard,W. Maynard,AFE,Run,5,,5.0
2020-11-12 11:53:45,Paul Rogers,P. Rogers,AOSX/AOS,Run,10,,10.0
2020-11-12 12:47:22,Jeffrey Smith,J. Smith,ABM,Walk,10,,10.0
2020-11-12 13:11:15,Brian Lambert,B. Lambert,AFE,Cycle,5,,1.25
2020-11-12 14:10:19,Evan Peterson,E. Peterson,AOSX/AOS,Swim,3,,18.0
2020-11-12 15:27:34,Steven Peterson,S. Peterson,ADW,Cycle,4,,1.0
2020-11-12 16:16:17,Jerome Whitehead,J. Whitehead,ADW,Run,2,,2.0
2020-11-12 17:10:14,Jerome Whitehead,J. Whitehead,ADW,Swim,7,,42.0
2020-11-12 17:16:24,Charles Tyler,C. Tyler,AFE,Cycle,7,,1.75
2020-11-12 17:37:35,Jessica Carter,J. Carter,ADSS/ADWS/ADWO,Run,5,,5.0
2020-11-12 17:46:37,Aaron Graham,A. Graham,ADSS/ADWS/ADWO,Walk,1,,1.0
2020-11-12 18:15:11,Stefanie Tucker,S. Tucker,ABM,Walk,8,,8.0
2020-11-12 18:35:29,James Hammond,J. Hammond,ADSS/ADWS/ADWO,Walk,8,,8.0
2020-11-12 18:39:12,Brian Lambert,B. Lambert,AFE,Swim,8,,48.0
2020-11-12 19:10:52,Jennifer Robbins,J. Robbins,AOSX/AOS,Walk,10,,10.0
2020-11-12 19:15:06,Danielle Vaughn,D. Vaughn,ADSS/ADWS/ADWO,Walk,3,,3.0
2020-11-12 20:43:26,Zachary Thomas,Z. Thomas,ADSS/ADWS/ADWO,Run,6,,6.0
2020-11-12 21:00:45,Jeffrey Smith,J. Smith,ABM,Run,9,,9.0
2020-11-12 21:56:21,Shelby Robertson,S. Robertson,ABM,Swim,2,,12.0
2020-11-12 21:59:17,Lisa Simpson,L. Simpson,AFE,Cycle,2,,0.5
2020-11-13 00:30:42,Harold Perez,H. Perez,AOSX/AOS,Walk,8,,8.0
2020-11-13 01:11:41,David Johnson,D. Johnson,AFE,Swim,10,,60.0
2020-11-13 02:35:46,Heidi Caldwell,H. Caldwell,ABM,Run,8,,8.0
2020-11-13 02:49:51,Laura Tucker,L. Tucker,AOSX/AOS,Cycle,9,,2.25
2020-11-13 04:34:43,Stephanie Walker,S. Walker,AFE,Run,5,,5.0
2020-11-13 04:57:25,Laura Tucker,L. Tucker,AOSX/AOS,Swim,2,,12.0
2020-11-13 07:23:11,Catherine Wilkins,C. Wilkins,AFE,Swim,5,,30.0
2020-11-13 07:40:32,Veronica Barnett,V. Barnett,ADW,Run,3,,3.0
2020-11-13 08:22:03,Kelsey Pacheco,K. Pacheco,ADSS/ADWS/ADWO,Swim,6,,36.0
2020-11-13 09:28:51,Cameron Proctor,C. Proctor,ADSS/ADWS/ADWO,Walk,4,,4.0
2020-11-13 09:50:50,Paul Rogers,P. Rogers,AOSX/AOS,Cycle,7,,1.75
2020-11-13 10:38:28,Arthur Kelly,A. Kelly,ATC,Cycle,6,,1.5
2020-11-13 11:39:07,Rick Rodriguez,R. Rodriguez,ADSS/ADWS/ADWO,Run,1,,1.0
2020-11-13 11:53:18,Veronica Barnett,V. Barnett,ADW,Walk,2,,2.0
2020-11-13 11:56:12,Deborah Gonzales,D. Gonzales,ABM,Swim,1,,6.0
2020-11-13 15:37:06,Rick Rodriguez,R. Rodriguez,ADSS/ADWS/ADWO,Walk,2,,2.0
2020-11-13 15:37:36,Jeffrey Smith,J. Smith,ABM,Run,4,,4.0
2020-11-13 18:02:53,Barbara Williams,B. Williams,ADW,Walk,5,,5.0
2020-11-13 20:11:00,Julie Lam,J. Lam,AOSX/AOS,Cycle,3,,0.75
2020-11-13 23:41:49,William Baker,W. Baker,AFE,Run,7,,7.0
2020-11-14 00:09:46,Jerome Whitehead,J. Whitehead,ADW,Cycle,4,,1.0
2020-11-14 00:18:51,Rachel Webb,R. Webb,AFE,Run,5,,5.0
2020-11-14 01:14:25,Mark Villanueva,M. Villanueva,ATC,Swim,3,,18.0
2020-11-14 03:45:25,Jennifer Robbins,J. Robbins,AOSX/AOS,Swim,6,,36.0
2020-11-14 04:21:48,David Johnson,D. Johnson,AFE,Swim,2,,12.0
2020-11-14 04:32:43,Tracey Nguyen,T. Nguyen,AOSX/AOS,Cycle,7,,1.75
2020-11-14 06:55:10,Steven Peterson,S. Peterson,ADW,Walk,10,,10.0
2020-11-14 06:56:21,Johnny Lee,J. Lee,AFE,Run,2,,2.0
2020-11-14 07:08:08,Julie Lam,J. Lam,AOSX/AOS,Swim,1,,6.0
2020-11-14 07:51:16,Kelsey Pacheco,K. Pacheco,ADSS/ADWS/ADWO,Run,1,,1.0
2020-11-14 08:17:43,David Bell,D. Bell,AOSX/AOS,Cycle,10,,2.5
2020-11-14 10:53:16,Deborah Gonzales,D. Gonzales,ABM,Run,1,,1.0
2020-11-14 14:01:17,Barbara Baker,B. Baker,ATC,Swim,9,,54.0
2020-11-14 14:03:10,Kyle Jones,K. Jones,AFE,Run,10,,10.0
2020-11-14 20:29:48,Jeffrey Smith,J. Smith,ABM,Walk,9,,9.0
2020-11-14 21:09:51,Hannah Pitts,H. Pitts,AFE,Swim,3,,18.0
2020-11-14 21:31:58,Jonathan Harris,J. Harris,ADW,Run,6,,6.0
2020-11-14 21:46:44,Ryan Mack,R. Mack,ADSS/ADWS/ADWO,Run,9,,9.0
2020-11-14 21:51:51,Zachary Thomas,Z. Thomas,ADSS/ADWS/ADWO,Cycle,9,,2.25
2020-11-14 22:21:17,Catherine Wilkins,C. Wilkins,AFE,Walk,5,,5.0
2020-11-14 23:59:43,Antonio Taylor,A. Taylor,ABM,Swim,8,,48.0
2020-11-15 01:15:18,Stefanie Tucker,S. Tucker,ABM,Walk,8,,8.0
2020-11-15 01:23:44,Julie Lam,J. Lam,AOSX/AOS,Swim,9,,54.0
2020-11-15 02:02:30,Catherine Smith,C. Smith,ADW,Swim,10,,60.0
2020-11-15 02:46:50,Arthur Kelly,A. Kelly,ATC,Swim,8,,48.0
2020-11-15 02:58:45,Shelby Robertson,S. Robertson,ABM,Swim,4,,24.0
2020-11-15 03:59:43,Evan Peterson,E. Peterson,AOSX/AOS,Run,7,,7.0
2020-11-15 04:27:34,Cameron Proctor,C. Proctor,ADSS/ADWS/ADWO,Cycle,6,,1.5
2020-11-15 04:59:36,Veronica Barnett,V. Barnett,ADW,Walk,2,,2.0
2020-11-15 05:57:21,Angel Benson,A. Benson,ADSS/ADWS/ADWO,Walk,1,,1.0
2020-11-15 06:42:41,Julie Lam,J. Lam,AOSX/AOS,Walk,10,,10.0
2020-11-15 06:55:00,David Bell,D. Bell,AOSX/AOS,Cycle,9,,2.25
2020-11-15 07:07:08,Danielle Vaughn,D. Vaughn,ADSS/ADWS/ADWO,Cycle,10,,2.5
2020-11-15 08:27:47,Tammy Franco,T. Franco,AFE,Run,4,,4.0
2020-11-15 09:36:22,Antonio Taylor,A. Taylor,ABM,Run,5,,5.0
2020-11-15 11:47:14,Deborah Gonzales,D. Gonzales,ABM,Run,10,,10.0
2020-11-15 13:29:12,Hannah Pitts,H. Pitts,AFE,Run,5,,5.0
2020-11-15 15:31:18,Mary Jackson,M. Jackson,ATC,Run,4,,4.0
2020-11-15 16:22:11,Angel Benson,A. Benson,ADSS/ADWS/ADWO,Cycle,6,,1.5
2020-11-15 16:45:59,Stephanie Lee DDS,S. Lee,ADW,Walk,1,,1.0
2020-11-15 17:30:33,Heidi Caldwell,H. Caldwell,ABM,Walk,5,,5.0
2020-11-15 17:36:03,Jonathan Calderon,J. Calderon,AFE,Cycle,5,,1.25
2020-11-15 17:45:34,Julie Lam,J. Lam,AOSX/AOS,Run,2,,2.0
2020-11-15 17:58:56,Misty Stout,M. Stout,ADSS/ADWS/ADWO,Swim,3,,18.0
2020-11-15 18:26:10,Jade Johnson,J. Johnson,ADSS/ADWS/ADWO,Swim,2,,12.0
2020-11-15 18:31:10,Rick Rodriguez,R. Rodriguez,ADSS/ADWS/ADWO,Swim,2,,12.0
2020-11-15 19:12:36,Diana Lee,D. Lee,ATC,Cycle,3,,0.75
2020-11-15 19:40:47,Steven Johnson,S. Johnson,ADW,Swim,10,,60.0
2020-11-15 23:43:21,Stephanie Lee DDS,S. Lee,ADW,Walk,3,,3.0
2020-11-16 01:23:38,Amanda Taylor,A. Taylor,ADW,Walk,9,,9.0
2020-11-16 02:41:16,Jerome Whitehead,J. Whitehead,ADW,Run,2,,2.0
2020-11-16 03:48:52,Hannah Pitts,H. Pitts,AFE,Cycle,3,,0.75
2020-11-16 04:10:21,Brandon Russell,B. Russell,ATC,Run,5,,5.0
2020-11-16 05:48:26,Catherine Smith,C. Smith,ADW,Run,7,,7.0
2020-11-16 06:42:07,Harold Perez,H. Perez,AOSX/AOS,Cycle,7,,1.75
2020-11-16 07:56:49,Lawrence Crawford,L. Crawford,AFE,Cycle,9,,2.25
2020-11-16 09:08:05,William Brown,W. Brown,ADSS/ADWS/ADWO,Run,10,,10.0
2020-11-16 09:27:41,James Rodriguez,J. Rodriguez,ADW,Cycle,9,,2.25
2020-11-16 09:47:02,Jonathan Gardner,J. Gardner,AFE,Swim,4,,24.0
2020-11-16 10:28:21,Rachel Webb,R. Webb,AFE,Run,4,,4.0
2020-11-16 11:09:07,Jeffrey Fisher,J. Fisher,ABM,Cycle,8,,2.0
2020-11-16 11:30:06,Kenneth Rogers,K. Rogers,ABM,Swim,10,,60.0
2020-11-16 11:45:51,Paul Rogers,P. Rogers,AOSX/AOS,Cycle,5,,1.25
2020-11-16 11:54:11,Kenneth Rogers,K. Rogers,ABM,Swim,10,,60.0
2020-11-16 13:51:50,Craig Gonzalez,C. Gonzalez,ATC,Cycle,1,,0.25
2020-11-16 14:25:04,Susan Hill,S. Hill,AOSX/AOS,Swim,2,,12.0
2020-11-16 14:43:08,Lisa Simpson,L. Simpson,AFE,Walk,5,,5.0
2020-11-16 14:46:38,Kyle Jones,K. Jones,AFE,Walk,1,,1.0
2020-11-16 14:47:24,Justin Richardson,J. Richardson,ADW,Cycle,7,,1.75
2020-11-16 15:57:58,Evan Peterson,E. Peterson,AOSX/AOS,Swim,8,,48.0
2020-11-16 18:00:05,Angel Benson,A. Benson,ADSS/ADWS/ADWO,Walk,1,,1.0
2020-11-16 18:21:31,Craig Gonzalez,C. Gonzalez,ATC,Run,8,,8.0
2020-11-16 18:26:04,Jonathan Harris,J. Harris,ADW,Swim,7,,42.0
2020-11-16 18:27:32,Jonathan Calderon,J. Calderon,AFE,Cycle,6,,1.5
2020-11-16 20:06:08,James Jones,J. Jones,AOSX/AOS,Run,8,,8.0
2020-11-16 20:46:38,James Rodriguez,J. Rodriguez,ADW,Run,2,,2.0
2020-11-16 21:59:26,Steven Peterson,S. Peterson,ADW,Swim,10,,60.0
2020-11-16 23:59:05,Zachary Thomas,Z. Thomas,ADSS/ADWS/ADWO,Swim,9,,54.0
2020-11-17 01:08:48,Melinda Little,M. Little,ABM,Swim,8,,48.0
2020-11-17 01:39:31,Barbara Baker,B. Baker,ATC,Swim,4,,24.0
2020-11-17 02:09:32,James Rodriguez,J. Rodriguez,ADW,Swim,4,,24.0
2020-11-17 03:32:02,Paula Scott,P. Scott,ATC,Swim,7,,42.0
2020-11-17 04:06:14,Lawrence Crawford,L. Crawford,AFE,Swim,5,,30.0
2020-11-17 04:42:04,Veronica Barnett,V. Barnett,ADW,Run,6,,6.0
2020-11-17 05:14:53,Jonathan Calderon,J. Calderon,AFE,Cycle,6,,1.5
2020-11-17 05:16:42,Rick Rodriguez,R. Rodriguez,ADSS/ADWS/ADWO,Walk,10,,10.0
2020-11-17 05:43:14,Cynthia Webb,C. Webb,ADW,Cycle,4,,1.0
2020-11-17 07:34:25,Wendy Maynard,W. Maynard,AFE,Swim,5,,30.0
2020-11-17 10:16:15,Stefanie Tucker,S. Tucker,ABM,Run,8,,8.0
2020-11-17 13:12:36,Kyle Jones,K. Jones,AFE,Cycle,2,,0.5
2020-11-17 14:57:21,Antonio Taylor,A. Taylor,ABM,Cycle,9,,2.25
2020-11-17 15:48:00,Jeffrey Smith,J. Smith,ABM,Walk,2,,2.0
2020-11-17 16:52:33,Veronica Barnett,V. Barnett,ADW,Walk,4,,4.0
2020-11-17 17:06:19,Jonathan Gardner,J. Gardner,AFE,Cycle,4,,1.0
2020-11-17 19:54:50,Rick Rodriguez,R. Rodriguez,ADSS/ADWS/ADWO,Walk,9,,9.0
2020-11-17 21:19:18,Lori Pham,L. Pham,AOSX/AOS,Cycle,3,,0.75
2020-11-18 00:06:17,Arthur Kelly,A. Kelly,ATC,Swim,5,,30.0
2020-11-18 00:57:43,Evan Peterson,E. Peterson,AOSX/AOS,Walk,1,,1.0
2020-11-18 03:04:30,Tanya Lamb,T. Lamb,AFE,Swim,4,,24.0
2020-11-18 03:19:53,James Mays,J. Mays,ADW,Walk,7,,7.0
2020-11-18 04:52:58,Angel Benson,A. Benson,ADSS/ADWS/ADWO,Cycle,9,,2.25
2020-11-18 07:06:17,Sean Mcdonald,S. Mcdonald,AFE,Swim,6,,36.0
2020-11-18 07:24:33,Sydney Parsons,S. Parsons,ADW,Cycle,6,,1.5
2020-11-18 07:40:40,Brandon Ramos,B. Ramos,AFE,Walk,9,,9.0
2020-11-18 07:51:11,David Bell,D. Bell,AOSX/AOS,Swim,8,,48.0
2020-11-18 11:00:38,Barbara Baker,B. Baker,ATC,Cycle,8,,2.0
2020-11-18 11:25:26,William Brown,W. Brown,ADSS/ADWS/ADWO,Swim,3,,18.0
2020-11-18 13:55:04,Morgan Woods,M. Woods,ADSS/ADWS/ADWO,Swim,10,,60.0
2020-11-18 14:24:12,Todd Cross,T. Cross,ABM,Walk,7,,7.0
2020-11-18 17:08:16,Todd Cross,T. Cross,ABM,Swim,9,,54.0
2020-11-18 17:15:48,Misty Stout,M. Stout,ADSS/ADWS/ADWO,Walk,7,,7.0
2020-11-18 17:21:14,David Bell,D. Bell,AOSX/AOS,Swim,6,,36.0
2020-11-18 18:25:16,Shawn Brown,S. Brown,ATC,Walk,1,,1.0
2020-11-18 18:38:38,Lori Pham,L. Pham,AOSX/AOS,Swim,7,,42.0
2020-11-18 19:53:37,Harold Perez,H. Perez,AOSX/AOS,Swim,10,,60.0
2020-11-18 20:32:34,Kyle Jones,K. Jones,AFE,Swim,1,,6.0
2020-11-18 21:10:49,Rachel Webb,R. Webb,AFE,Walk,8,,8.0
2020-11-18 21:37:06,Lawrence Crawford,L. Crawford,AFE,Cycle,10,,2.5
2020-11-18 22:26:02,Craig Gonzalez,C. Gonzalez,ATC,Run,4,,4.0
2020-11-18 22:37:54,Angel Ho,A. Ho,AFE,Cycle,9,,2.25
2020-11-18 23:19:44,Shawn Brown,S. Brown,ATC,Walk,1,,1.0
2020-11-19 01:58:22,Evan Peterson,E. Peterson,AOSX/AOS,Cycle,1,,0.25
2020-11-19 07:38:29,Harold Perez,H. Perez,AOSX/AOS,Walk,2,,2.0
2020-11-19 07:48:48,Zachary Thomas,Z. Thomas,ADSS/ADWS/ADWO,Cycle,7,,1.75
2020-11-19 10:48:48,Steven Peterson,S. Peterson,ADW,Cycle,2,,0.5
2020-11-19 12:14:47,Mary Jackson,M. Jackson,ATC,Run,7,,7.0
2020-11-19 12:23:59,Mark Villanueva,M. Villanueva,ATC,Walk,1,,1.0
2020-11-19 14:18:16,Brian Lambert,B. Lambert,AFE,Swim,10,,60.0
2020-11-19 16:22:10,Catherine Smith,C. Smith,ADW,Walk,10,,10.0
2020-11-19 17:40:04,William Baker,W. Baker,AFE,Run,9,,9.0
2020-11-19 17:49:58,Jerome Whitehead,J. Whitehead,ADW,Swim,10,,60.0
2020-11-19 18:26:58,Justin Richardson,J. Richardson,ADW,Run,5,,5.0
2020-11-19 20:00:14,Barbara Baker,B. Baker,ATC,Walk,9,,9.0
2020-11-19 20:07:45,Ryan Mack,R. Mack,ADSS/ADWS/ADWO,Walk,4,,4.0
2020-11-19 21:58:07,Angel Benson,A. Benson,ADSS/ADWS/ADWO,Cycle,9,,2.25
2020-11-19 22:51:19,Matthew Payne,M. Payne,AFE,Run,3,,3.0
2020-11-20 00:30:07,Ryan Mack,R. Mack,ADSS/ADWS/ADWO,Cycle,4,,1.0
2020-11-20 02:19:46,Kimberly Thomas,K. Thomas,AFE,Swim,4,,24.0
2020-11-20 03:19:44,Kenneth Rogers,K. Rogers,ABM,Walk,4,,4.0
2020-11-20 05:23:43,Ian Townsend,I. Townsend,AOSX/AOS,Run,6,,6.0
2020-11-20 05:56:21,Lori Pham,L. Pham,AOSX/AOS,Swim,8,,48.0
2020-11-20 06:22:36,Robert Clark,R. Clark,ABM,Cycle,6,,1.5
2020-11-20 06:53:41,Kimberly Thomas,K. Thomas,AFE,Walk,2,,2.0
2020-11-20 06:56:57,Andrea Ayers,A. Ayers,ADSS/ADWS/ADWO,Run,2,,2.0
2020-11-20 09:23:48,Heidi Caldwell,H. Caldwell,ABM,Cycle,5,,1.25
2020-11-20 09:44:49,Cynthia Webb,C. Webb,ADW,Cycle,5,,1.25
2020-11-20 10:47:14,Melinda Little,M. Little,ABM,Swim,5,,30.0
2020-11-20 11:08:56,Lisa Simpson,L. Simpson,AFE,Cycle,7,,1.75
2020-11-20 11:16:23,Todd Cross,T. Cross,ABM,Cycle,9,,2.25
2020-11-20 12:00:53,Barbara Baker,B. Baker,ATC,Run,3,,3.0
2020-11-20 12:33:52,Danielle Vaughn,D. Vaughn,ADSS/ADWS/ADWO,Walk,8,,8.0
2020-11-20 12:40:59,Arthur Kelly,A. Kelly,ATC,Run,2,,2.0
2020-11-20 13:58:56,Veronica Barnett,V. Barnett,ADW,Cycle,8,,2.0
2020-11-20 16:09:09,Sydney Parsons,S. Parsons,ADW,Swim,7,,42.0
2020-11-20 16:10:04,Evan Peterson,E. Peterson,AOSX/AOS,Swim,3,,18.0
2020-11-20 17:08:22,David Johnson,D. Johnson,AFE,Run,3,,3.0
2020-11-20 17:37:19,Rick Johnson,R. Johnson,ATC,Cycle,1,,0.25
2020-11-20 18:20:59,Thomas Berry,T. Berry,ADSS/ADWS/ADWO,Swim,7,,42.0
2020-11-20 20:17:48,Jennifer Robbins,J. Robbins,AOSX/AOS,Run,6,,6.0
2020-11-20 20:54:10,Morgan Woods,M. Woods,ADSS/ADWS/ADWO,Swim,3,,18.0
2020-11-20 23:35:31,Charles Tyler,C. Tyler,AFE,Walk,5,,5.0
2020-11-21 01:30:01,Brandon Ramos,B. Ramos,AFE,Cycle,8,,2.0
2020-11-21 03:29:54,James Rodriguez,J. Rodriguez,ADW,Walk,1,,1.0
2020-11-21 03:29:56,Tanya Lamb,T. Lamb,AFE,Cycle,7,,1.75
2020-11-21 04:42:18,Tanya Lamb,T. Lamb,AFE,Walk,6,,6.0
2020-11-21 05:10:22,Paula Scott,P. Scott,ATC,Walk,9,,9.0
2020-11-21 07:27:00,Jonathan Harris,J. Harris,ADW,Swim,5,,30.0
2020-11-21 08:55:45,Paula Scott,P. Scott,ATC,Walk,8,,8.0
2020-11-21 09:15:07,Sydney Parsons,S. Parsons,ADW,Run,6,,6.0
2020-11-21 10:22:54,Kelsey Pacheco,K. Pacheco,ADSS/ADWS/ADWO,Swim,7,,42.0
2020-11-21 10:23:00,Stephanie Walker,S. Walker,AFE,Run,8,,8.0
2020-11-21 12:48:43,Tracey Nguyen,T. Nguyen,AOSX/AOS,Swim,3,,18.0
2020-11-21 13:43:02,Todd Cross,T. Cross,ABM,Swim,6,,36.0
2020-11-21 15:03:40,Jonathan Harris,J. Harris,ADW,Run,4,,4.0
2020-11-21 15:09:06,James Hammond,J. Hammond,ADSS/ADWS/ADWO,Cycle,8,,2.0
2020-11-21 16:35:26,Vicki Flores,V. Flores,ADSS/ADWS/ADWO,Run,6,,6.0
2020-11-21 17:34:31,Jonathan Harris,J. Harris,ADW,Cycle,8,,2.0
2020-11-21 18:37:42,Anthony Warren,A. Warren,ADSS/ADWS/ADWO,Walk,9,,9.0
2020-11-21 18:42:39,Hannah Pitts,H. Pitts,AFE,Run,3,,3.0
2020-11-21 22:06:51,Ian Townsend,I. Townsend,AOSX/AOS,Swim,10,,60.0
2020-11-21 22:09:49,Steven Johnson,S. Johnson,ADW,Cycle,4,,1.0
2020-11-21 22:25:54,Cynthia Webb,C. Webb,ADW,Walk,3,,3.0
2020-11-21 23:34:03,Anthony Warren,A. Warren,ADSS/ADWS/ADWO,Cycle,3,,0.75
2020-11-22 00:42:51,Jessica Carter,J. Carter,ADSS/ADWS/ADWO,Cycle,2,,0.5
2020-11-22 00:48:13,Angel Benson,A. Benson,ADSS/ADWS/ADWO,Run,5,,5.0
2020-11-22 02:38:33,Jonathan Calderon,J. Calderon,AFE,Run,5,,5.0
2020-11-22 03:34:15,Stephanie Walker,S. Walker,AFE,Walk,5,,5.0
2020-11-22 04:18:43,Anthony Warren,A. Warren,ADSS/ADWS/ADWO,Cycle,5,,1.25
2020-11-22 05:15:55,Jeffrey Smith,J. Smith,ABM,Run,2,,2.0
2020-11-22 06:27:28,Jeffrey Fisher,J. Fisher,ABM,Cycle,5,,1.25
2020-11-22 09:08:13,Evelyn Christian,E. Christian,AOSX/AOS,Walk,7,,7.0
2020-11-22 09:15:48,Tracey Nguyen,T. Nguyen,AOSX/AOS,Walk,7,,7.0
2020-11-22 10:57:36,Andrea Ayers,A. Ayers,ADSS/ADWS/ADWO,Cycle,4,,1.0
2020-11-22 11:21:00,Cynthia Webb,C. Webb,ADW,Walk,7,,7.0
2020-11-22 12:42:07,Deborah Gonzales,D. Gonzales,ABM,Walk,3,,3.0
2020-11-22 13:06:40,Jeffrey Smith,J. Smith,ABM,Run,7,,7.0
2020-11-22 14:00:07,Stephanie Lee DDS,S. Lee,ADW,Swim,4,,24.0
2020-11-22 15:06:25,Aaron Graham,A. Graham,ADSS/ADWS/ADWO,Walk,9,,9.0
2020-11-22 15:19:29,Wendy Maynard,W. Maynard,AFE,Walk,6,,6.0
2020-11-22 15:23:16,Kimberly Thomas,K. Thomas,AFE,Cycle,6,,1.5
2020-11-22 15:35:22,Jacqueline Young,J. Young,ADSS/ADWS/ADWO,Run,3,,3.0
2020-11-22 17:14:04,Kimberly Thomas,K. Thomas,AFE,Run,2,,2.0
2020-11-22 17:19:42,Michael Brown,M. Brown,ABM,Cycle,1,,0.25
2020-11-22 17:22:02,Matthew Payne,M. Payne,AFE,Cycle,8,,2.0
2020-11-22 17:50:17,Shawn Brown,S. Brown,ATC,Cycle,10,,2.5
2020-11-22 18:38:03,Aaron Graham,A. Graham,ADSS/ADWS/ADWO,Walk,8,,8.0
2020-11-22 18:42:06,Danny Mason,D. Mason,AOSX/AOS,Run,2,,2.0
2020-11-22 19:37:32,William Baker,W. Baker,AFE,Walk,2,,2.0
2020-11-22 20:02:19,Wendy Maynard,W. Maynard,AFE,Walk,10,,10.0
2020-11-22 20:48:47,Angel Ho,A. Ho,AFE,Run,10,,10.0
2020-11-22 20:49:04,William Wallace,W. Wallace,AOSX/AOS,Cycle,8,,2.0
2020-11-22 21:12:01,Paul Rogers,P. Rogers,AOSX/AOS,Walk,4,,4.0
2020-11-22 21:37:02,Susan Hill,S. Hill,AOSX/AOS,Run,2,,2.0
2020-11-22 22:24:34,Morgan Woods,M. Woods,ADSS/ADWS/ADWO,Swim,3,,18.0
2020-11-23 00:55:01,Brian Lambert,B. Lambert,AFE,Walk,1,,1.0
2020-11-23 01:03:11,Jeffrey Fisher,J. Fisher,ABM,Cycle,9,,2.25
2020-11-23 02:30:18,Heidi Caldwell,H. Caldwell,ABM,Run,6,,6.0
2020-11-23 02:31:15,Michael Brown,M. Brown,ABM,Run,6,,6.0
2020-11-23 03:21:37,Kimberly Thomas,K. Thomas,AFE,Swim,7,,42.0
2020-11-23 04:39:11,David Johnson,D. Johnson,AFE,Walk,10,,10.0
2020-11-23 07:16:35,Patricia Roberts,P. Roberts,ATC,Run,6,,6.0
2020-11-23 11:30:23,Shelby Robertson,S. Robertson,ABM,Cycle,1,,0.25
2020-11-23 11:50:53,Mark Booker,M. Booker,AOSX/AOS,Cycle,6,,1.5
2020-11-23 11:59:57,Misty Stout,M. Stout,ADSS/ADWS/ADWO,Cycle,2,,0.5
2020-11-23 12:54:50,Steven Peterson,S. Peterson,ADW,Walk,8,,8.0
2020-11-23 13:38:11,Zachary Thomas,Z. Thomas,ADSS/ADWS/ADWO,Walk,8,,8.0
2020-11-23 13:59:18,Veronica Barnett,V. Barnett,ADW,Walk,8,,8.0
2020-11-23 14:27:30,Robert Clark,R. Clark,ABM,Run,1,,1.0
2020-11-23 15:12:59,Melinda Little,M. Little,ABM,Run,10,,10.0
2020-11-23 15:33:28,Mark Booker,M. Booker,AOSX/AOS,Swim,5,,30.0
2020-11-23 16:19:33,Craig Gonzalez,C. Gonzalez,ATC,Walk,4,,4.0
2020-11-23 19:10:36,Cameron Proctor,C. Proctor,ADSS/ADWS/ADWO,Walk,10,,10.0
2020-11-23 21:04:53,Danielle Vaughn,D. Vaughn,ADSS/ADWS/ADWO,Walk,5,,5.0
2020-11-23 22:38:59,Danielle Vaughn,D. Vaughn,ADSS/ADWS/ADWO,Walk,1,,1.0
2020-11-23 22:46:49,Ryan Mack,R. Mack,ADSS/ADWS/ADWO,Walk,8,,8.0
2020-11-23 23:41:47,Lori Pham,L. Pham,AOSX/AOS,Swim,10,,60.0
2020-11-24 00:32:10,Zachary Thomas,Z. Thomas,ADSS/ADWS/ADWO,Walk,4,,4.0
2020-11-24 01:01:14,Angel Ho,A. Ho,AFE,Walk,7,,7.0
2020-11-24 02:20:30,Catherine Wilkins,C. Wilkins,AFE,Run,7,,7.0
2020-11-24 02:58:59,Rick Rodriguez,R. Rodriguez,ADSS/ADWS/ADWO,Swim,1,,6.0
2020-11-24 04:22:06,Diana Lee,D. Lee,ATC,Run,1,,1.0
2020-11-24 05:07:18,Charles Tyler,C. Tyler,AFE,Swim,4,,24.0
2020-11-24 06:39:45,Kelsey Pacheco,K. Pacheco,ADSS/ADWS/ADWO,Run,3,,3.0
2020-11-24 06:54:18,Catherine Smith,C. Smith,ADW,Swim,2,,12.0
2020-11-24 08:13:53,Paul Rogers,P. Rogers,AOSX/AOS,Cycle,7,,1.75
2020-11-24 09:07:36,Susan Hill,S. Hill,AOSX/AOS,Walk,2,,2.0
2020-11-24 09:47:18,Andrea Ayers,A. Ayers,ADSS/ADWS/ADWO,Cycle,6,,1.5
2020-11-24 09:59:04,Jeffrey Fisher,J. Fisher,ABM,Walk,4,,4.0
2020-11-24 11:06:48,Veronica Barnett,V. Barnett,ADW,Walk,1,,1.0
2020-11-24 11:11:09,William Brown,W. Brown,ADSS/ADWS/ADWO,Cycle,8,,2.0
2020-11-24 11:32:44,Pamela Graham,P. Graham,ADW,Walk,2,,2.0
2020-11-24 12:17:42,Shawn Brown,S. Brown,ATC,Walk,3,,3.0
2020-11-24 13:58:59,Mark Booker,M. Booker,AOSX/AOS,Run,9,,9.0
2020-11-24 14:22:10,Vicki Flores,V. Flores,ADSS/ADWS/ADWO,Walk,3,,3.0
2020-11-24 14:48:45,Ian Townsend,I. Townsend,AOSX/AOS,Swim,9,,54.0
2020-11-24 15:03:49,James Hammond,J. Hammond,ADSS/ADWS/ADWO,Walk,1,,1.0
2020-11-24 15:16:36,Mary Jackson,M. Jackson,ATC,Run,1,,1.0
2020-11-24 15:46:41,Rick Johnson,R. Johnson,ATC,Run,6,,6.0
2020-11-24 16:07:50,Brian Lambert,B. Lambert,AFE,Swim,1,,6.0
2020-11-24 18:51:49,Anthony Warren,A. Warren,ADSS/ADWS/ADWO,Cycle,3,,0.75
2020-11-24 19:03:31,Sydney Parsons,S. Parsons,ADW,Swim,1,,6.0
2020-11-24 19:42:31,Kimberly Thomas,K. Thomas,AFE,Run,3,,3.0
2020-11-24 20:25:50,Kyle Jones,K. Jones,AFE,Swim,10,,60.0
2020-11-24 22:43:15,Tammy Franco,T. Franco,AFE,Swim,6,,36.0
2020-11-25 00:26:31,Danielle Vaughn,D. Vaughn,ADSS/ADWS/ADWO,Walk,10,,10.0
2020-11-25 00:32:04,Angel Ho,A. Ho,AFE,Swim,7,,42.0
2020-11-25 01:14:08,William Wallace,W. Wallace,AOSX/AOS,Run,4,,4.0
2020-11-25 01:56:39,Jonathan Calderon,J. Calderon,AFE,Swim,3,,18.0
2020-11-25 02:49:42,Jennifer Robbins,J. Robbins,AOSX/AOS,Swim,8,,48.0
2020-11-25 03:01:14,Todd Cross,T. Cross,ABM,Run,3,,3.0
2020-11-25 05:15:59,Robert Clark,R. Clark,ABM,Cycle,4,,1.0
2020-11-25 07:43:08,David Bell,D. Bell,AOSX/AOS,Swim,3,,18.0
2020-11-25 09:39:57,Ryan Mack,R. Mack,ADSS/ADWS/ADWO,Cycle,4,,1.0
2020-11-25 10:39:09,Stephanie Walker,S. Walker,AFE,Cycle,1,,0.25
2020-11-25 13:05:09,David Johnson,D. Johnson,AFE,Walk,9,,9.0
2020-11-25 13:08:20,William Baker,W. Baker,AFE,Swim,4,,24.0
2020-11-25 13:18:51,Michael Brown,M. Brown,ABM,Cycle,1,,0.25
2020-11-25 14:43:03,William Brown,W. Brown,ADSS/ADWS/ADWO,Run,10,,10.0
2020-11-25 16:29:20,Lori Pham,L. Pham,AOSX/AOS,Run,6,,6.0
2020-11-25 17:50:11,Jonathan Calderon,J. Calderon,AFE,Walk,7,,7.0
2020-11-25 19:26:52,Brandon Ramos,B. Ramos,AFE,Cycle,7,,1.75
2020-11-25 20:05:59,Jonathan Calderon,J. Calderon,AFE,Walk,8,,8.0
2020-11-25 23:55:28,Robert Clark,R. Clark,ABM,Run,4,,4.0
2020-11-26 00:29:30,Diana Lee,D. Lee,ATC,Walk,1,,1.0
2020-11-26 00:43:00,Paula Scott,P. Scott,ATC,Cycle,1,,0.25
2020-11-26 01:04:39,Jade Johnson,J. Johnson,ADSS/ADWS/ADWO,Swim,4,,24.0
2020-11-26 01:47:54,Patricia Roberts,P. Roberts,ATC,Run,2,,2.0
2020-11-26 02:57:32,Aaron Graham,A. Graham,ADSS/ADWS/ADWO,Walk,4,,4.0
2020-11-26 06:28:20,Kyle Jones,K. Jones,AFE,Run,1,,1.0
2020-11-26 06:33:51,Justin Richardson,J. Richardson,ADW,Walk,6,,6.0
2020-11-26 09:13:47,Steven Johnson,S. Johnson,ADW,Run,9,,9.0
2020-11-26 10:11:46,Arthur Kelly,A. Kelly,ATC,Cycle,9,,2.25
2020-11-26 10:13:58,Ryan Mack,R. Mack,ADSS/ADWS/ADWO,Walk,1,,1.0
2020-11-26 15:35:28,Ian Townsend,I. Townsend,AOSX/AOS,Cycle,9,,2.25
2020-11-26 19:03:54,Christopher Perry,C. Perry,ABM,Cycle,9,,2.25
2020-11-26 19:45:41,Jessica Carter,J. Carter,ADSS/ADWS/ADWO,Walk,2,,2.0
2020-11-26 20:29:46,Andrea Ayers,A. Ayers,ADSS/ADWS/ADWO,Cycle,8,,2.0
2020-11-26 20:48:45,Rick Rodriguez,R. Rodriguez,ADSS/ADWS/ADWO,Swim,5,,30.0
2020-11-26 22:44:21,Brandon Fuller,B. Fuller,ABM,Cycle,4,,1.0
2020-11-26 22:57:13,William Wallace,W. Wallace,AOSX/AOS,Walk,4,,4.0
2020-11-26 23:19:31,Jennifer Robbins,J. Robbins,AOSX/AOS,Swim,4,,24.0
2020-11-27 00:39:35,Ryan Mack,R. Mack,ADSS/ADWS/ADWO,Run,9,,9.0
2020-11-27 00:57:15,Lori Pham,L. Pham,AOSX/AOS,Cycle,10,,2.5
2020-11-27 01:10:55,George Cook,G. Cook,ADW,Walk,4,,4.0
2020-11-27 01:19:14,Andrea Ayers,A. Ayers,ADSS/ADWS/ADWO,Swim,7,,42.0
2020-11-27 01:33:51,David Johnson,D. Johnson,AFE,Run,5,,5.0
2020-11-27 01:57:12,Laura Tucker,L. Tucker,AOSX/AOS,Walk,4,,4.0
2020-11-27 02:56:19,Hannah Pitts,H. Pitts,AFE,Cycle,10,,2.5
2020-11-27 03:16:12,Julie Lam,J. Lam,AOSX/AOS,Walk,2,,2.0
2020-11-27 03:17:04,Brian Lambert,B. Lambert,AFE,Cycle,5,,1.25
2020-11-27 04:14:08,Arthur Kelly,A. Kelly,ATC,Cycle,4,,1.0
2020-11-27 04:49:01,Tanya Lamb,T. Lamb,AFE,Walk,4,,4.0
2020-11-27 06:59:49,Shelby Robertson,S. Robertson,ABM,Cycle,4,,1.0
2020-11-27 07:16:31,William Wallace,W. Wallace,AOSX/AOS,Cycle,1,,0.25
2020-11-27 07:55:12,Vicki Flores,V. Flores,ADSS/ADWS/ADWO,Walk,1,,1.0
2020-11-27 08:27:25,Veronica Barnett,V. Barnett,ADW,Walk,6,,6.0
2020-11-27 09:03:30,Barbara Baker,B. Baker,ATC,Walk,5,,5.0
2020-11-27 11:41:40,Jessica Carter,J. Carter,ADSS/ADWS/ADWO,Walk,9,,9.0
2020-11-27 13:00:56,Arthur Kelly,A. Kelly,ATC,Run,8,,8.0
2020-11-27 13:23:39,Thomas Berry,T. Berry,ADSS/ADWS/ADWO,Cycle,5,,1.25
2020-11-27 13:25:34,Julie Lam,J. Lam,AOSX/AOS,Walk,10,,10.0
2020-11-27 15:32:40,Rachel Webb,R. Webb,AFE,Run,8,,8.0
2020-11-27 16:57:27,Thomas Berry,T. Berry,ADSS/ADWS/ADWO,Cycle,2,,0.5
2020-11-27 17:35:59,Barbara Baker,B. Baker,ATC,Walk,2,,2.0
2020-11-27 20:31:54,Zachary Thomas,Z. Thomas,ADSS/ADWS/ADWO,Swim,8,,48.0
2020-11-27 21:05:44,Mary Jackson,M. Jackson,ATC,Run,2,,2.0
2020-11-27 21:50:44,Aaron Graham,A. Graham,ADSS/ADWS/ADWO,Swim,5,,30.0
2020-11-27 23:26:22,Paula Scott,P. Scott,ATC,Swim,1,,6.0
2020-11-27 23:27:10,Lori Pham,L. Pham,AOSX/AOS,Run,2,,2.0
2020-11-28 00:22:53,Jade Johnson,J. Johnson,ADSS/ADWS/ADWO,Run,5,,5.0
2020-11-28 01:17:26,Tracey Nguyen,T. Nguyen,AOSX/AOS,Walk,1,,1.0
2020-11-28 01:56:47,Deborah Gonzales,D. Gonzales,ABM,Walk,6,,6.0
2020-11-28 02:54:42,Jennifer Robbins,J. Robbins,AOSX/AOS,Walk,8,,8.0
2020-11-28 03:07:11,James Jones,J. Jones,AOSX/AOS,Cycle,4,,1.0
2020-11-28 03:57:40,Stefanie Tucker,S. Tucker,ABM,Walk,2,,2.0
2020-11-28 04:10:39,Tanya Lamb,T. Lamb,AFE,Swim,9,,54.0
2020-11-28 06:59:34,Melinda Little,M. Little,ABM,Walk,9,,9.0
2020-11-28 07:59:14,Barbara Williams,B. Williams,ADW,Walk,5,,5.0
2020-11-28 09:00:10,Kimberly Thomas,K. Thomas,AFE,Swim,1,,6.0
2020-11-28 10:03:03,Vicki Flores,V. Flores,ADSS/ADWS/ADWO,Swim,10,,60.0
2020-11-28 10:18:46,Danny Mason,D. Mason,AOSX/AOS,Cycle,9,,2.25
2020-11-28 10:53:11,Tanya Lamb,T. Lamb,AFE,Swim,3,,18.0
2020-11-28 11:14:49,Jerome Whitehead,J. Whitehead,ADW,Run,6,,6.0
2020-11-28 11:57:44,Mary Jackson,M. Jackson,ATC,Cycle,7,,1.75
2020-11-28 13:18:21,Stefanie Tucker,S. Tucker,ABM,Run,5,,5.0
2020-11-28 14:06:48,Deborah Gonzales,D. Gonzales,ABM,Cycle,6,,1.5
2020-11-28 16:52:15,Kelsey Pacheco,K. Pacheco,ADSS/ADWS/ADWO,Run,8,,8.0
2020-11-28 16:59:26,Anthony Warren,A. Warren,ADSS/ADWS/ADWO,Swim,7,,42.0
2020-11-28 17:01:14,Johnny Lee,J. Lee,AFE,Run,3,,3.0
2020-11-28 17:05:02,Jerome Whitehead,J. Whitehead,ADW,Run,7,,7.0
2020-11-28 17:39:15,Kelsey Pacheco,K. Pacheco,ADSS/ADWS/ADWO,Walk,10,,10.0
2020-11-28 18:08:48,Wendy Maynard,W. Maynard,AFE,Swim,2,,12.0
2020-11-28 18:22:42,Tammy Franco,T. Franco,AFE,Run,8,,8.0
2020-11-28 18:22:57,Craig Gonzalez,C. Gonzalez,ATC,Cycle,5,,1.25
2020-11-28 18:28:28,Arthur Kelly,A. Kelly,ATC,Swim,10,,60.0
2020-11-28 19:47:31,Kelsey Pacheco,K. Pacheco,ADSS/ADWS/ADWO,Run,9,,9.0
2020-11-28 20:18:35,Barbara Williams,B. Williams,ADW,Walk,5,,5.0
2020-11-28 21:30:31,William Baker,W. Baker,AFE,Walk,1,,1.0
2020-11-28 21:51:31,Jonathan Gardner,J. Gardner,AFE,Cycle,6,,1.5
2020-11-28 22:00:54,Sydney Parsons,S. Parsons,ADW,Swim,10,,60.0
2020-11-28 23:43:50,Paul Hoover,P. Hoover,AFE,Cycle,7,,1.75
2020-11-29 00:50:34,Mark Villanueva,M. Villanueva,ATC,Walk,2,,2.0
2020-11-29 02:14:25,Danny Mason,D. Mason,AOSX/AOS,Swim,9,,54.0
2020-11-29 02:41:44,Deborah Gonzales,D. Gonzales,ABM,Swim,7,,42.0
2020-11-29 02:45:08,Robert Clark,R. Clark,ABM,Cycle,5,,1.25
2020-11-29 03:24:50,Stefanie Tucker,S. Tucker,ABM,Run,2,,2.0
2020-11-29 05:09:23,James Mays,J. Mays,ADW,Cycle,7,,1.75
2020-11-29 06:57:31,William Brown,W. Brown,ADSS/ADWS/ADWO,Cycle,5,,1.25
2020-11-29 08:12:07,Arthur Kelly,A. Kelly,ATC,Swim,2,,12.0
2020-11-29 09:17:44,Harold Perez,H. Perez,AOSX/AOS,Cycle,7,,1.75
2020-11-29 09:29:25,Jessica Carter,J. Carter,ADSS/ADWS/ADWO,Cycle,5,,1.25
2020-11-29 10:33:50,Brandon Ramos,B. Ramos,AFE,Walk,1,,1.0
2020-11-29 10:52:35,Angel Ho,A. Ho,AFE,Swim,3,,18.0
2020-11-29 11:05:29,Todd Cross,T. Cross,ABM,Walk,6,,6.0
2020-11-29 11:59:11,Todd Cross,T. Cross,ABM,Cycle,9,,2.25
2020-11-29 13:06:57,James Rodriguez,J. Rodriguez,ADW,Walk,7,,7.0
2020-11-29 16:13:16,Evelyn Christian,E. Christian,AOSX/AOS,Walk,3,,3.0
2020-11-29 16:22:23,Rachel Webb,R. Webb,AFE,Swim,9,,54.0
2020-11-29 17:33:58,Brandon Ramos,B. Ramos,AFE,Swim,7,,42.0
2020-11-29 19:34:09,Brian Lambert,B. Lambert,AFE,Run,6,,6.0
2020-11-29 20:33:02,Lawrence Crawford,L. Crawford,AFE,Swim,2,,12.0
2020-11-29 20:55:16,Matthew Payne,M. Payne,AFE,Cycle,6,,1.5
2020-11-29 21:18:46,Melinda Little,M. Little,ABM,Cycle,6,,1.5
2020-11-29 22:25:56,Rick Johnson,R. Johnson,ATC,Run,1,,1.0
2020-11-29 23:33:08,Mary Jackson,M. Jackson,ATC,Swim,7,,42.0
2020-11-29 23:57:12,Angel Ho,A. Ho,AFE,Walk,8,,8.0
2020-11-30 01:25:50,Brandon Ramos,B. Ramos,AFE,Swim,6,,36.0
2020-11-30 01:55:50,Patricia Roberts,P. Roberts,ATC,Swim,2,,12.0
2020-11-30 03:24:37,Pamela Graham,P. Graham,ADW,Run,6,,6.0
2020-11-30 05:21:53,Lisa Simpson,L. Simpson,AFE,Run,10,,10.0
2020-11-30 06:43:24,Paul Rogers,P. Rogers,AOSX/AOS,Cycle,9,,2.25
2020-11-30 07:05:59,Rick Rodriguez,R. Rodriguez,ADSS/ADWS/ADWO,Run,1,,1.0
2020-11-30 08:50:44,Cynthia Webb,C. Webb,ADW,Run,2,,2.0
2020-11-30 09:27:08,Michael Brown,M. Brown,ABM,Swim,8,,48.0
2020-11-30 09:44:43,Ryan Mack,R. Mack,ADSS/ADWS/ADWO,Walk,6,,6.0
2020-11-30 12:34:09,Jonathan Harris,J. Harris,ADW,Walk,9,,9.0
2020-11-30 13:46:00,Andrea Ayers,A. Ayers,ADSS/ADWS/ADWO,Cycle,5,,1.25
