Timestamp,Name,Callsign/Alias,Which group are you from?,Which activity have you chosen to clock the mileage?,How far did you clock? (km),Share with us a picture/screenshot of your accomplishment!,Actual Mileage
09/10/2020 19:31:31,Lee g,Lee g,ADW,Walk,8,https://drive.google.com/open?id=1MPjPKqyuts7G303TEHKmrv7s-_Q_ZG0J,8
09/10/2020 19:34:37,Lee g,Lee g,AFE,Swim,0.5,https://drive.google.com/open?id=1OxaESbNqlotzao-d5hBtOie-upWm7vmU,3
10/10/2020 19:34:49,TW,TWIG,ATC,Run,2,https://drive.google.com/open?id=1uDzpqV4yiq8Plza2LdtHF8b3xroDe9G2,3
20/10/2020 00:12,Johnny Lee,J. Lee,AFE,Walk,4,,4
20/10/2020 00:14,Patricia Roberts,P. Roberts,ATC,Swim,8,,48
20/10/2020 00:44,Jennifer Robbins,J. Robbins,AOSX/AOS,Cycle,5,,1.25
20/10/2020 01:16,David Johnson,D. Johnson,AFE,Cycle,3,,0.75
20/10/2020 01:30,Paul Hoover,P. Hoover,AFE,Cycle,9,,2.25
20/10/2020 03:48,Tanya Lamb,T. Lamb,AFE,Walk,1,,1
20/10/2020 04:23,Danielle Vaughn,D. Vaughn,ADSS/ADWS/ADWO,Swim,7,,42
20/10/2020 09:59,Angel Benson,A. Benson,ADSS/ADWS/ADWO,Run,5,,5
20/10/2020 10:21,Sydney Parsons,S. Parsons,ADW,Walk,10,,10
20/10/2020 10:37,Stephanie Walker,S. Walker,AFE,Cycle,5,,1.25
20/10/2020 10:54,Heidi Caldwell,H. Caldwell,ABM,Swim,7,,42
20/10/2020 10:58,Hannah Pitts,H. Pitts,AFE,Cycle,8,,2
20/10/2020 10:59,Mary Jackson,M. Jackson,ATC,Walk,5,,5
20/10/2020 11:07,Sydney Parsons,S. Parsons,ADW,Walk,4,,4
20/10/2020 12:13,Patricia Roberts,P. Roberts,ATC,Run,3,,3
20/10/2020 12:31,Jeffrey Fisher,J. Fisher,ABM,Walk,8,,8
20/10/2020 14:03,Jessica Carter,J. Carter,ADSS/ADWS/ADWO,Swim,9,,54
20/10/2020 14:56,Todd Cross,T. Cross,ABM,Run,10,,10
20/10/2020 15:11,Rick Johnson,R. Johnson,ATC,Walk,6,,6
20/10/2020 15:35,Kimberly Thomas,K. Thomas,AFE,Cycle,10,,2.5
20/10/2020 16:00,Arthur Kelly,A. Kelly,ATC,Swim,3,,18
20/10/2020 21:20,Shelby Robertson,S. Robertson,ABM,Walk,1,,1
20/10/2020 22:10,Zachary Thomas,Z. Thomas,ADSS/ADWS/ADWO,Run,3,,3
20/10/2020 23:20,Jonathan Calderon,J. Calderon,AFE,Cycle,6,,1.5
21/10/2020 01:14,Kimberly Thomas,K. Thomas,AFE,Cycle,10,,2.5
21/10/2020 01:19,Steven Johnson,S. Johnson,ADW,Swim,1,,6
21/10/2020 02:16,Robert Clark,R. Clark,ABM,Run,2,,2
21/10/2020 02:23,Kyle Jones,K. Jones,AFE,Cycle,2,,0.5
21/10/2020 02:33,Rick Rodriguez,R. Rodriguez,ADSS/ADWS/ADWO,Run,10,,10
21/10/2020 03:47,Tammy Franco,T. Franco,AFE,Swim,10,,60
21/10/2020 04:27,Justin Richardson,J. Richardson,ADW,Run,2,,2
21/10/2020 05:03,Julie Lam,J. Lam,AOSX/AOS,Cycle,6,,1.5
21/10/2020 05:13,Brandon Ramos,B. Ramos,AFE,Walk,1,,1
21/10/2020 08:05,Erica Raymond,E. Raymond,ADSS/ADWS/ADWO,Cycle,4,,1
21/10/2020 10:20,Sean Mcdonald,S. Mcdonald,AFE,Run,5,,5
21/10/2020 11:05,Danielle Vaughn,D. Vaughn,ADSS/ADWS/ADWO,Walk,4,,4
21/10/2020 11:44,Vicki Flores,V. Flores,ADSS/ADWS/ADWO,Cycle,2,,0.5
21/10/2020 12:41,Paul Hoover,P. Hoover,AFE,Walk,5,,5
21/10/2020 13:07,Sean Mcdonald,S. Mcdonald,AFE,Walk,8,,8
21/10/2020 14:51,Lori Pham,L. Pham,AOSX/AOS,Cycle,3,,0.75
21/10/2020 15:10,Angel Ho,A. Ho,AFE,Cycle,5,,1.25
21/10/2020 15:11,Angel Ho,A. Ho,AFE,Swim,5,,30
21/10/2020 17:47,Danielle Vaughn,D. Vaughn,ADSS/ADWS/ADWO,Cycle,8,,2
21/10/2020 17:50,Amanda Taylor,A. Taylor,ADW,Run,10,,10
21/10/2020 18:44,Jade Johnson,J. Johnson,ADSS/ADWS/ADWO,Run,2,,2
21/10/2020 21:43,Catherine Smith,C. Smith,ADW,Cycle,6,,1.5
21/10/2020 22:17,Mark Booker,M. Booker,AOSX/AOS,Walk,5,,5
21/10/2020 22:40,Jacqueline Young,J. Young,ADSS/ADWS/ADWO,Walk,7,,7
21/10/2020 23:00,Rick Johnson,R. Johnson,ATC,Swim,2,,12
21/10/2020 23:39,Danielle Vaughn,D. Vaughn,ADSS/ADWS/ADWO,Run,5,,5
22/10/2020 00:18,Barbara Baker,B. Baker,ATC,Walk,6,,6
22/10/2020 00:45,Lisa Simpson,L. Simpson,AFE,Cycle,8,,2
22/10/2020 01:10,Anthony Warren,A. Warren,ADSS/ADWS/ADWO,Swim,3,,18
22/10/2020 01:16,Susan Hill,S. Hill,AOSX/AOS,Cycle,1,,0.25
22/10/2020 02:48,Misty Stout,M. Stout,ADSS/ADWS/ADWO,Walk,10,,10
22/10/2020 03:01,Sydney Parsons,S. Parsons,ADW,Swim,4,,24
22/10/2020 03:16,Cameron Proctor,C. Proctor,ADSS/ADWS/ADWO,Run,5,,5
22/10/2020 03:25,Catherine Smith,C. Smith,ADW,Cycle,4,,1
22/10/2020 04:10,Barbara Williams,B. Williams,ADW,Cycle,1,,0.25
22/10/2020 04:17,James Hammond,J. Hammond,ADSS/ADWS/ADWO,Walk,7,,7
22/10/2020 06:53,Catherine Wilkins,C. Wilkins,AFE,Swim,2,,12
22/10/2020 07:22,Wendy Maynard,W. Maynard,AFE,Cycle,5,,1.25
22/10/2020 09:04,Brandon Fuller,B. Fuller,ABM,Walk,7,,7
22/10/2020 09:19,Steven Johnson,S. Johnson,ADW,Run,6,,6
22/10/2020 10:06,Robert Clark,R. Clark,ABM,Swim,4,,24
22/10/2020 16:22,Stephanie Walker,S. Walker,AFE,Run,5,,5
22/10/2020 17:19,Zachary Thomas,Z. Thomas,ADSS/ADWS/ADWO,Run,1,,1
22/10/2020 17:49,Lori Pham,L. Pham,AOSX/AOS,Walk,6,,6
22/10/2020 17:52,James Mays,J. Mays,ADW,Run,7,,7
22/10/2020 17:54,Erica Raymond,E. Raymond,ADSS/ADWS/ADWO,Swim,8,,48
22/10/2020 22:13,Paula Scott,P. Scott,ATC,Walk,1,,1
22/10/2020 22:14,Aaron Graham,A. Graham,ADSS/ADWS/ADWO,Cycle,7,,1.75
22/10/2020 23:21,Tracey Nguyen,T. Nguyen,AOSX/AOS,Cycle,1,,0.25
23/10/2020 02:03,Rick Johnson,R. Johnson,ATC,Walk,8,,8
23/10/2020 02:15,Charles Tyler,C. Tyler,AFE,Walk,10,,10
23/10/2020 03:06,Tracey Nguyen,T. Nguyen,AOSX/AOS,Walk,6,,6
23/10/2020 03:16,Stephanie Walker,S. Walker,AFE,Swim,3,,18
23/10/2020 03:34,Steven Peterson,S. Peterson,ADW,Walk,8,,8
23/10/2020 05:12,Brandon Russell,B. Russell,ATC,Swim,6,,36
23/10/2020 06:24,Aaron Graham,A. Graham,ADSS/ADWS/ADWO,Cycle,9,,2.25
23/10/2020 07:13,James Jones,J. Jones,AOSX/AOS,Swim,3,,18
23/10/2020 08:31,Rachel Webb,R. Webb,AFE,Cycle,5,,1.25
23/10/2020 10:28,Stephanie Lee DDS,S. Lee,ADW,Run,8,,8
23/10/2020 11:23,Evan Peterson,E. Peterson,AOSX/AOS,Cycle,3,,0.75
23/10/2020 12:09,Harold Perez,H. Perez,AOSX/AOS,Run,3,,3
23/10/2020 13:50,Misty Stout,M. Stout,ADSS/ADWS/ADWO,Walk,8,,8
23/10/2020 14:16,Veronica Barnett,V. Barnett,ADW,Cycle,3,,0.75
23/10/2020 14:53,Matthew Payne,M. Payne,AFE,Swim,6,,36
23/10/2020 17:17,Paula Scott,P. Scott,ATC,Cycle,4,,1
23/10/2020 17:30,Shelby Robertson,S. Robertson,ABM,Swim,8,,48
23/10/2020 18:07,Paula Scott,P. Scott,ATC,Cycle,9,,2.25
23/10/2020 22:01,Rick Rodriguez,R. Rodriguez,ADSS/ADWS/ADWO,Cycle,9,,2.25
23/10/2020 23:00,Barbara Williams,B. Williams,ADW,Run,10,,10
23/10/2020 23:50,James Jones,J. Jones,AOSX/AOS,Swim,7,,42
23/10/2020 23:50,Mark Booker,M. Booker,AOSX/AOS,Run,2,,2
23/10/2020 23:58,Lori Pham,L. Pham,AOSX/AOS,Walk,4,,4
24/10/2020 00:47,Antonio Taylor,A. Taylor,ABM,Cycle,2,,0.5
24/10/2020 02:18,Mark Booker,M. Booker,AOSX/AOS,Run,5,,5
24/10/2020 02:40,Deborah Gonzales,D. Gonzales,ABM,Walk,8,,8
24/10/2020 03:37,Steven Peterson,S. Peterson,ADW,Walk,4,,4
24/10/2020 03:50,Deborah Gonzales,D. Gonzales,ABM,Cycle,2,,0.5
24/10/2020 04:44,Evelyn Christian,E. Christian,AOSX/AOS,Swim,3,,18
24/10/2020 04:52,William Baker,W. Baker,AFE,Run,9,,9
24/10/2020 05:36,Sydney Parsons,S. Parsons,ADW,Walk,8,,8
24/10/2020 07:27,Jonathan Gardner,J. Gardner,AFE,Run,8,,8
24/10/2020 07:57,Heidi Caldwell,H. Caldwell,ABM,Run,6,,6
24/10/2020 08:08,Jonathan Gardner,J. Gardner,AFE,Run,4,,4
24/10/2020 09:11,Patricia Roberts,P. Roberts,ATC,Walk,10,,10
24/10/2020 11:14,Jonathan Calderon,J. Calderon,AFE,Cycle,9,,2.25
24/10/2020 11:28,Arthur Kelly,A. Kelly,ATC,Run,6,,6
24/10/2020 13:32,Angel Benson,A. Benson,ADSS/ADWS/ADWO,Swim,2,,12
24/10/2020 17:13,Julie Lam,J. Lam,AOSX/AOS,Swim,2,,12
24/10/2020 17:23,Harold Perez,H. Perez,AOSX/AOS,Cycle,5,,1.25
24/10/2020 20:25,Michael Brown,M. Brown,ABM,Walk,5,,5
25/10/2020 01:17,Cynthia Webb,C. Webb,ADW,Swim,8,,48
25/10/2020 01:27,Stefanie Tucker,S. Tucker,ABM,Walk,7,,7
25/10/2020 02:33,Patricia Roberts,P. Roberts,ATC,Run,1,,1
25/10/2020 02:46,Jeffrey Smith,J. Smith,ABM,Walk,1,,1
25/10/2020 03:55,Jessica Carter,J. Carter,ADSS/ADWS/ADWO,Swim,8,,48
25/10/2020 09:29,Thomas Berry,T. Berry,ADSS/ADWS/ADWO,Cycle,8,,2
25/10/2020 10:35,Cynthia Webb,C. Webb,ADW,Walk,5,,5
25/10/2020 10:35,Shawn Brown,S. Brown,ATC,Swim,6,,36
25/10/2020 10:52,Pamela Graham,P. Graham,ADW,Swim,8,,48
25/10/2020 11:40,Matthew Payne,M. Payne,AFE,Swim,3,,18
25/10/2020 13:41,Michael Brown,M. Brown,ABM,Swim,2,,12
25/10/2020 13:53,Lawrence Crawford,L. Crawford,AFE,Swim,1,,6
25/10/2020 14:27,Paul Rogers,P. Rogers,AOSX/AOS,Run,3,,3
25/10/2020 15:47,Danny Mason,D. Mason,AOSX/AOS,Run,10,,10
25/10/2020 16:31,Ryan Mack,R. Mack,ADSS/ADWS/ADWO,Run,9,,9
25/10/2020 17:29,Angel Ho,A. Ho,AFE,Run,4,,4
25/10/2020 17:48,David Bell,D. Bell,AOSX/AOS,Cycle,8,,2
25/10/2020 17:50,Brandon Ramos,B. Ramos,AFE,Swim,1,,6
25/10/2020 18:08,Erica Raymond,E. Raymond,ADSS/ADWS/ADWO,Swim,4,,24
25/10/2020 18:20,Rick Rodriguez,R. Rodriguez,ADSS/ADWS/ADWO,Walk,3,,3
25/10/2020 19:08,Paul Hoover,P. Hoover,AFE,Run,7,,7
25/10/2020 21:19,Jennifer Robbins,J. Robbins,AOSX/AOS,Walk,7,,7
25/10/2020 21:53,Paul Hoover,P. Hoover,AFE,Swim,9,,54
25/10/2020 21:57,Zachary Thomas,Z. Thomas,ADSS/ADWS/ADWO,Walk,10,,10
25/10/2020 22:36,Pamela Graham,P. Graham,ADW,Cycle,1,,0.25
26/10/2020 00:17,Paula Scott,P. Scott,ATC,Swim,5,,30
26/10/2020 00:40,James Mays,J. Mays,ADW,Swim,10,,60
26/10/2020 00:48,Tammy Franco,T. Franco,AFE,Walk,4,,4
26/10/2020 01:09,David Johnson,D. Johnson,AFE,Swim,2,,12
26/10/2020 01:58,Sydney Parsons,S. Parsons,ADW,Cycle,5,,1.25
26/10/2020 02:34,Laura Tucker,L. Tucker,AOSX/AOS,Run,4,,4
26/10/2020 02:47,Christopher Perry,C. Perry,ABM,Swim,9,,54
26/10/2020 03:29,Lori Pham,L. Pham,AOSX/AOS,Walk,3,,3
26/10/2020 04:28,Kimberly Thomas,K. Thomas,AFE,Run,5,,5
26/10/2020 04:53,Heidi Caldwell,H. Caldwell,ABM,Cycle,2,,0.5
26/10/2020 05:09,William Wallace,W. Wallace,AOSX/AOS,Swim,6,,36
26/10/2020 05:17,William Brown,W. Brown,ADSS/ADWS/ADWO,Walk,7,,7
26/10/2020 05:23,Sean Mcdonald,S. Mcdonald,AFE,Swim,3,,18
26/10/2020 05:46,Heidi Caldwell,H. Caldwell,ABM,Run,6,,6
26/10/2020 06:21,Julie Lam,J. Lam,AOSX/AOS,Run,6,,6
26/10/2020 06:38,Shawn Brown,S. Brown,ATC,Swim,10,,60
26/10/2020 09:19,Angel Ho,A. Ho,AFE,Run,4,,4
26/10/2020 10:44,Veronica Barnett,V. Barnett,ADW,Run,5,,5
26/10/2020 11:21,Arthur Kelly,A. Kelly,ATC,Walk,8,,8
26/10/2020 12:43,Amanda Taylor,A. Taylor,ADW,Swim,9,,54
26/10/2020 13:03,Cameron Proctor,C. Proctor,ADSS/ADWS/ADWO,Walk,6,,6
26/10/2020 13:20,Craig Gonzalez,C. Gonzalez,ATC,Walk,3,,3
26/10/2020 16:09,Paul Hoover,P. Hoover,AFE,Run,2,,2
26/10/2020 17:58,Thomas Berry,T. Berry,ADSS/ADWS/ADWO,Walk,7,,7
26/10/2020 19:51,Zachary Thomas,Z. Thomas,ADSS/ADWS/ADWO,Run,8,,8
26/10/2020 21:17,Craig Gonzalez,C. Gonzalez,ATC,Run,1,,1
26/10/2020 22:32,Kyle Jones,K. Jones,AFE,Swim,7,,42
26/10/2020 22:57,William Brown,W. Brown,ADSS/ADWS/ADWO,Walk,8,,8
27/10/2020 00:35,Evelyn Christian,E. Christian,AOSX/AOS,Run,3,,3
27/10/2020 00:54,Stephanie Lee DDS,S. Lee,ADW,Walk,10,,10
27/10/2020 01:29,Deborah Gonzales,D. Gonzales,ABM,Walk,4,,4
27/10/2020 02:04,Misty Stout,M. Stout,ADSS/ADWS/ADWO,Walk,2,,2
27/10/2020 02:57,Todd Cross,T. Cross,ABM,Run,1,,1
27/10/2020 03:36,Justin Richardson,J. Richardson,ADW,Swim,2,,12
27/10/2020 05:31,Evan Peterson,E. Peterson,AOSX/AOS,Cycle,2,,0.5
27/10/2020 07:28,Heidi Caldwell,H. Caldwell,ABM,Cycle,5,,1.25
27/10/2020 08:36,Catherine Wilkins,C. Wilkins,AFE,Run,8,,8
27/10/2020 08:45,Sydney Parsons,S. Parsons,ADW,Run,2,,2
27/10/2020 08:54,William Wallace,W. Wallace,AOSX/AOS,Swim,7,,42
27/10/2020 08:58,Angel Benson,A. Benson,ADSS/ADWS/ADWO,Swim,4,,24
27/10/2020 10:33,Deborah Gonzales,D. Gonzales,ABM,Run,3,,3
27/10/2020 11:15,Antonio Taylor,A. Taylor,ABM,Walk,3,,3
27/10/2020 11:43,Jeffrey Smith,J. Smith,ABM,Swim,1,,6
27/10/2020 14:56,James Jones,J. Jones,AOSX/AOS,Cycle,8,,2
27/10/2020 15:00,Craig Gonzalez,C. Gonzalez,ATC,Swim,2,,12
27/10/2020 16:30,Johnny Lee,J. Lee,AFE,Walk,6,,6
27/10/2020 18:42,Tammy Franco,T. Franco,AFE,Run,4,,4
27/10/2020 19:20,Pamela Graham,P. Graham,ADW,Walk,4,,4
27/10/2020 19:57,Charles Tyler,C. Tyler,AFE,Walk,1,,1
27/10/2020 20:12,Jessica Carter,J. Carter,ADSS/ADWS/ADWO,Cycle,2,,0.5
27/10/2020 23:17,Tracey Nguyen,T. Nguyen,AOSX/AOS,Swim,5,,30
27/10/2020 23:41,Sean Mcdonald,S. Mcdonald,AFE,Cycle,3,,0.75
28/10/2020 00:13,Kenneth Rogers,K. Rogers,ABM,Swim,9,,54
28/10/2020 00:40,Matthew Payne,M. Payne,AFE,Run,8,,8
28/10/2020 01:08,Morgan Woods,M. Woods,ADSS/ADWS/ADWO,Run,3,,3
28/10/2020 01:15,Melinda Little,M. Little,ABM,Swim,9,,54
28/10/2020 03:00,David Johnson,D. Johnson,AFE,Cycle,1,,0.25
28/10/2020 03:32,Shelby Robertson,S. Robertson,ABM,Run,7,,7
28/10/2020 03:47,Robert Clark,R. Clark,ABM,Run,9,,9
28/10/2020 04:10,Heidi Caldwell,H. Caldwell,ABM,Cycle,3,,0.75
28/10/2020 04:44,Ian Townsend,I. Townsend,AOSX/AOS,Cycle,7,,1.75
28/10/2020 06:07,Wendy Maynard,W. Maynard,AFE,Run,10,,10
28/10/2020 06:08,Catherine Smith,C. Smith,ADW,Swim,9,,54
28/10/2020 06:20,Arthur Kelly,A. Kelly,ATC,Swim,3,,18
28/10/2020 06:23,Kelsey Pacheco,K. Pacheco,ADSS/ADWS/ADWO,Swim,10,,60
28/10/2020 07:12,Evan Peterson,E. Peterson,AOSX/AOS,Swim,4,,24
28/10/2020 08:27,Ian Townsend,I. Townsend,AOSX/AOS,Walk,5,,5
28/10/2020 08:48,Tracey Nguyen,T. Nguyen,AOSX/AOS,Run,8,,8
28/10/2020 09:16,Ian Townsend,I. Townsend,AOSX/AOS,Run,10,,10
28/10/2020 09:58,Pamela Graham,P. Graham,ADW,Walk,5,,5
28/10/2020 10:32,Christopher Perry,C. Perry,ABM,Swim,6,,36
28/10/2020 11:28,David Johnson,D. Johnson,AFE,Cycle,8,,2
28/10/2020 11:38,Jennifer Robbins,J. Robbins,AOSX/AOS,Walk,9,,9
28/10/2020 11:41,Misty Stout,M. Stout,ADSS/ADWS/ADWO,Swim,3,,18
28/10/2020 12:58,Misty Stout,M. Stout,ADSS/ADWS/ADWO,Cycle,5,,1.25
28/10/2020 13:45,David Bell,D. Bell,AOSX/AOS,Walk,6,,6
28/10/2020 13:54,Christopher Perry,C. Perry,ABM,Run,6,,6
28/10/2020 14:37,Jeffrey Fisher,J. Fisher,ABM,Swim,9,,54
28/10/2020 14:45,Aaron Graham,A. Graham,ADSS/ADWS/ADWO,Cycle,4,,1
28/10/2020 16:44,Amanda Taylor,A. Taylor,ADW,Run,2,,2
28/10/2020 20:02,James Rodriguez,J. Rodriguez,ADW,Run,4,,4
28/10/2020 21:27,Pamela Graham,P. Graham,ADW,Run,6,,6
28/10/2020 21:35,William Brown,W. Brown,ADSS/ADWS/ADWO,Walk,5,,5
28/10/2020 23:36,Deborah Gonzales,D. Gonzales,ABM,Swim,9,,54
29/10/2020 00:10,Charles Tyler,C. Tyler,AFE,Walk,4,,4
29/10/2020 00:14,Jonathan Gardner,J. Gardner,AFE,Run,1,,1
29/10/2020 01:10,Jonathan Harris,J. Harris,ADW,Walk,1,,1
29/10/2020 03:03,Morgan Woods,M. Woods,ADSS/ADWS/ADWO,Walk,4,,4
29/10/2020 04:19,Stefanie Tucker,S. Tucker,ABM,Cycle,8,,2
29/10/2020 05:04,Sydney Parsons,S. Parsons,ADW,Swim,4,,24
29/10/2020 05:29,Robert Clark,R. Clark,ABM,Run,5,,5
29/10/2020 05:56,Rick Rodriguez,R. Rodriguez,ADSS/ADWS/ADWO,Cycle,6,,1.5
29/10/2020 06:33,Heidi Caldwell,H. Caldwell,ABM,Walk,2,,2
29/10/2020 07:25,Stefanie Tucker,S. Tucker,ABM,Run,1,,1
29/10/2020 08:25,Kyle Jones,K. Jones,AFE,Run,4,,4
29/10/2020 09:55,William Baker,W. Baker,AFE,Walk,5,,5
29/10/2020 10:00,Stefanie Tucker,S. Tucker,ABM,Cycle,4,,1
29/10/2020 11:39,Sean Mcdonald,S. Mcdonald,AFE,Cycle,4,,1
29/10/2020 13:58,Lori Pham,L. Pham,AOSX/AOS,Swim,10,,60
29/10/2020 14:53,Aaron Graham,A. Graham,ADSS/ADWS/ADWO,Cycle,9,,2.25
29/10/2020 14:57,Christopher Perry,C. Perry,ABM,Walk,5,,5
29/10/2020 15:20,Deborah Gonzales,D. Gonzales,ABM,Walk,8,,8
29/10/2020 15:27,Mary Jackson,M. Jackson,ATC,Run,10,,10
29/10/2020 15:37,Craig Gonzalez,C. Gonzalez,ATC,Run,7,,7
29/10/2020 16:52,Laura Tucker,L. Tucker,AOSX/AOS,Swim,9,,54
29/10/2020 17:34,Jonathan Calderon,J. Calderon,AFE,Run,7,,7
29/10/2020 17:41,Jerome Whitehead,J. Whitehead,ADW,Walk,1,,1
29/10/2020 18:13,Stefanie Tucker,S. Tucker,ABM,Cycle,10,,2.5
29/10/2020 18:59,Brandon Russell,B. Russell,ATC,Swim,3,,18
29/10/2020 20:02,Ian Townsend,I. Townsend,AOSX/AOS,Run,10,,10
29/10/2020 20:35,George Cook,G. Cook,ADW,Walk,2,,2
29/10/2020 22:16,Mark Booker,M. Booker,AOSX/AOS,Swim,1,,6
29/10/2020 23:14,Kyle Jones,K. Jones,AFE,Cycle,6,,1.5
29/10/2020 23:47,Rachel Webb,R. Webb,AFE,Walk,5,,5
30/10/2020 00:14,Zachary Thomas,Z. Thomas,ADSS/ADWS/ADWO,Run,9,,9
30/10/2020 00:17,Susan Hill,S. Hill,AOSX/AOS,Swim,8,,48
30/10/2020 00:18,David Johnson,D. Johnson,AFE,Walk,5,,5
30/10/2020 02:16,Diana Lee,D. Lee,ATC,Cycle,10,,2.5
30/10/2020 03:25,Paul Rogers,P. Rogers,AOSX/AOS,Run,1,,1
30/10/2020 04:00,Danny Mason,D. Mason,AOSX/AOS,Walk,3,,3
30/10/2020 04:37,Brandon Ramos,B. Ramos,AFE,Run,9,,9
30/10/2020 04:38,Cameron Proctor,C. Proctor,ADSS/ADWS/ADWO,Cycle,7,,1.75
30/10/2020 05:54,Lisa Simpson,L. Simpson,AFE,Run,10,,10
30/10/2020 06:54,Jade Johnson,J. Johnson,ADSS/ADWS/ADWO,Walk,5,,5
30/10/2020 08:19,Heidi Caldwell,H. Caldwell,ABM,Walk,1,,1
30/10/2020 11:06,Jeffrey Smith,J. Smith,ABM,Swim,4,,24
30/10/2020 15:05,Johnny Lee,J. Lee,AFE,Run,3,,3
30/10/2020 18:14,Erica Raymond,E. Raymond,ADSS/ADWS/ADWO,Cycle,10,,2.5
30/10/2020 18:42,Jacqueline Young,J. Young,ADSS/ADWS/ADWO,Cycle,1,,0.25
30/10/2020 23:55,Mark Villanueva,M. Villanueva,ATC,Swim,10,,60
31/10/2020 00:05,Misty Stout,M. Stout,ADSS/ADWS/ADWO,Walk,8,,8
31/10/2020 00:43,Anthony Warren,A. Warren,ADSS/ADWS/ADWO,Run,9,,9
31/10/2020 01:00,Jade Johnson,J. Johnson,ADSS/ADWS/ADWO,Swim,10,,60
31/10/2020 01:48,Shawn Brown,S. Brown,ATC,Run,1,,1
31/10/2020 03:06,Mark Booker,M. Booker,AOSX/AOS,Run,1,,1
31/10/2020 03:06,Stephanie Walker,S. Walker,AFE,Run,10,,10
31/10/2020 03:36,Erica Raymond,E. Raymond,ADSS/ADWS/ADWO,Run,8,,8
31/10/2020 05:28,Pamela Graham,P. Graham,ADW,Cycle,7,,1.75
31/10/2020 07:46,Kelsey Pacheco,K. Pacheco,ADSS/ADWS/ADWO,Swim,8,,48
31/10/2020 08:17,Kyle Jones,K. Jones,AFE,Walk,7,,7
31/10/2020 08:55,Cameron Proctor,C. Proctor,ADSS/ADWS/ADWO,Run,8,,8
31/10/2020 09:38,Anthony Warren,A. Warren,ADSS/ADWS/ADWO,Walk,4,,4
31/10/2020 12:42,William Brown,W. Brown,ADSS/ADWS/ADWO,Swim,8,,48
31/10/2020 13:13,Robert Clark,R. Clark,ABM,Swim,7,,42
31/10/2020 14:35,Johnny Lee,J. Lee,AFE,Run,9,,9
31/10/2020 16:00,Danny Mason,D. Mason,AOSX/AOS,Swim,2,,12
31/10/2020 16:29,Sean Mcdonald,S. Mcdonald,AFE,Walk,1,,1
31/10/2020 17:42,Stefanie Tucker,S. Tucker,ABM,Walk,7,,7
31/10/2020 18:35,Melinda Little,M. Little,ABM,Cycle,7,,1.75
31/10/2020 21:18,James Hammond,J. Hammond,ADSS/ADWS/ADWO,Swim,6,,36
31/10/2020 22:59,Morgan Woods,M. Woods,ADSS/ADWS/ADWO,Run,5,,5
31/10/2020 23:09,Jacqueline Young,J. Young,ADSS/ADWS/ADWO,Walk,8,,8
31/10/2020 23:22,Angel Ho,A. Ho,AFE,Cycle,3,,0.75
31/10/2020 23:43,Barbara Baker,B. Baker,ATC,Walk,2,,2
01/11/2020 0:10,Amanda Taylor,A. Taylor,ADW,Walk,10,,10
01/11/2020 0:36,Laura Tucker,L. Tucker,AOSX/AOS,Cycle,7,,1.75
01/11/2020 1:27,Lisa Simpson,L. Simpson,AFE,Cycle,7,,1.75
01/11/2020 1:40,Shelby Robertson,S. Robertson,ABM,Walk,8,,8
01/11/2020 3:17,Cameron Proctor,C. Proctor,ADSS/ADWS/ADWO,Cycle,7,,1.75
01/11/2020 5:27,James Rodriguez,J. Rodriguez,ADW,Swim,5,,30
01/11/2020 6:33,Evelyn Christian,E. Christian,AOSX/AOS,Swim,5,,30
01/11/2020 6:48,Mark Booker,M. Booker,AOSX/AOS,Walk,9,,9
01/11/2020 6:56,Andrea Ayers,A. Ayers,ADSS/ADWS/ADWO,Cycle,5,,1.25
01/11/2020 6:57,Kenneth Rogers,K. Rogers,ABM,Walk,10,,10
01/11/2020 6:58,Jeffrey Smith,J. Smith,ABM,Swim,3,,18
01/11/2020 7:42,Pamela Graham,P. Graham,ADW,Run,8,,8
01/11/2020 8:34,George Cook,G. Cook,ADW,Walk,4,,4
01/11/2020 8:55,Paul Hoover,P. Hoover,AFE,Walk,4,,4
01/11/2020 9:19,Diana Lee,D. Lee,ATC,Walk,9,,9
01/11/2020 14:11,Aaron Graham,A. Graham,ADSS/ADWS/ADWO,Swim,4,,24
01/11/2020 14:48,Jerome Whitehead,J. Whitehead,ADW,Walk,2,,2
01/11/2020 16:48,Angel Benson,A. Benson,ADSS/ADWS/ADWO,Swim,2,,12
01/11/2020 17:42,Lisa Simpson,L. Simpson,AFE,Swim,4,,24
01/11/2020 18:21,Morgan Woods,M. Woods,ADSS/ADWS/ADWO,Walk,9,,9
01/11/2020 18:33,Heidi Caldwell,H. Caldwell,ABM,Walk,5,,5
01/11/2020 19:21,Brian Lambert,B. Lambert,AFE,Cycle,6,,1.5
01/11/2020 19:23,Sydney Parsons,S. Parsons,ADW,Walk,3,,3
01/11/2020 21:32,Stefanie Tucker,S. Tucker,ABM,Run,10,,10
01/11/2020 23:46,Paula Scott,P. Scott,ATC,Swim,9,,54
01/11/2020 23:49,Laura Tucker,L. Tucker,AOSX/AOS,Walk,1,,1
02/11/2020 1:22,Cynthia Webb,C. Webb,ADW,Cycle,8,,2
02/11/2020 1:53,Jessica Carter,J. Carter,ADSS/ADWS/ADWO,Run,5,,5
02/11/2020 2:06,Patricia Roberts,P. Roberts,ATC,Cycle,1,,0.25
02/11/2020 2:32,Jerome Whitehead,J. Whitehead,ADW,Swim,10,,60
02/11/2020 2:35,Paul Rogers,P. Rogers,AOSX/AOS,Cycle,5,,1.25
02/11/2020 2:50,Amanda Taylor,A. Taylor,ADW,Run,4,,4
02/11/2020 4:05,Vicki Flores,V. Flores,ADSS/ADWS/ADWO,Cycle,3,,0.75
02/11/2020 4:36,Arthur Kelly,A. Kelly,ATC,Walk,9,,9
02/11/2020 4:48,Thomas Berry,T. Berry,ADSS/ADWS/ADWO,Run,1,,1
02/11/2020 5:16,Patricia Roberts,P. Roberts,ATC,Run,2,,2
02/11/2020 5:23,Tanya Lamb,T. Lamb,AFE,Swim,7,,42
02/11/2020 7:03,Jacqueline Young,J. Young,ADSS/ADWS/ADWO,Run,6,,6
02/11/2020 7:29,Zachary Thomas,Z. Thomas,ADSS/ADWS/ADWO,Cycle,8,,2
02/11/2020 7:41,Amanda Taylor,A. Taylor,ADW,Run,9,,9
02/11/2020 7:46,Paul Rogers,P. Rogers,AOSX/AOS,Walk,8,,8
02/11/2020 12:37,Shawn Brown,S. Brown,ATC,Run,8,,8
02/11/2020 14:37,Stephanie Walker,S. Walker,AFE,Walk,5,,5
02/11/2020 18:15,Jonathan Harris,J. Harris,ADW,Cycle,3,,0.75
02/11/2020 21:04,Stephanie Lee DDS,S. Lee,ADW,Walk,1,,1
02/11/2020 22:18,David Johnson,D. Johnson,AFE,Cycle,7,,1.75
02/11/2020 23:19,Brandon Russell,B. Russell,ATC,Cycle,5,,1.25
02/11/2020 23:41,Shawn Brown,S. Brown,ATC,Swim,4,,24
02/11/2020 23:45,Jonathan Calderon,J. Calderon,AFE,Walk,1,,1
03/11/2020 0:15,Paul Rogers,P. Rogers,AOSX/AOS,Walk,10,,10
03/11/2020 1:12,Diana Lee,D. Lee,ATC,Walk,9,,9
03/11/2020 3:07,Brandon Ramos,B. Ramos,AFE,Cycle,2,,0.5
03/11/2020 4:50,Charles Tyler,C. Tyler,AFE,Run,4,,4
03/11/2020 4:59,Charles Tyler,C. Tyler,AFE,Cycle,4,,1
03/11/2020 5:51,Stephanie Lee DDS,S. Lee,ADW,Cycle,10,,2.5
03/11/2020 5:53,Rachel Webb,R. Webb,AFE,Walk,2,,2
03/11/2020 6:36,Jeffrey Smith,J. Smith,ABM,Swim,1,,6
03/11/2020 10:36,Lawrence Crawford,L. Crawford,AFE,Walk,5,,5
03/11/2020 11:20,James Jones,J. Jones,AOSX/AOS,Swim,6,,36
03/11/2020 11:44,Aaron Graham,A. Graham,ADSS/ADWS/ADWO,Cycle,6,,1.5
03/11/2020 13:45,Heidi Caldwell,H. Caldwell,ABM,Swim,8,,48
03/11/2020 14:05,Jeffrey Smith,J. Smith,ABM,Cycle,8,,2
03/11/2020 16:27,Lawrence Crawford,L. Crawford,AFE,Swim,2,,12
03/11/2020 17:16,Ian Townsend,I. Townsend,AOSX/AOS,Swim,5,,30
03/11/2020 18:26,Stefanie Tucker,S. Tucker,ABM,Walk,4,,4
03/11/2020 18:36,Heidi Caldwell,H. Caldwell,ABM,Swim,7,,42
03/11/2020 20:06,Harold Perez,H. Perez,AOSX/AOS,Walk,2,,2
03/11/2020 23:04,Jennifer Robbins,J. Robbins,AOSX/AOS,Swim,7,,42
04/11/2020 0:05,Rick Rodriguez,R. Rodriguez,ADSS/ADWS/ADWO,Run,7,,7
04/11/2020 0:09,Kyle Jones,K. Jones,AFE,Cycle,6,,1.5
04/11/2020 2:01,Amanda Taylor,A. Taylor,ADW,Walk,6,,6
04/11/2020 2:09,Morgan Woods,M. Woods,ADSS/ADWS/ADWO,Walk,7,,7
04/11/2020 4:06,Melinda Little,M. Little,ABM,Run,2,,2
04/11/2020 4:36,Cynthia Webb,C. Webb,ADW,Walk,4,,4
04/11/2020 5:18,Lisa Simpson,L. Simpson,AFE,Cycle,6,,1.5
04/11/2020 5:25,Rick Rodriguez,R. Rodriguez,ADSS/ADWS/ADWO,Run,2,,2
04/11/2020 5:44,Jennifer Robbins,J. Robbins,AOSX/AOS,Walk,8,,8
04/11/2020 7:10,Barbara Baker,B. Baker,ATC,Swim,6,,36
04/11/2020 7:31,Paul Rogers,P. Rogers,AOSX/AOS,Swim,10,,60
04/11/2020 8:04,Brian Lambert,B. Lambert,AFE,Walk,10,,10
04/11/2020 8:15,Brian Lambert,B. Lambert,AFE,Walk,6,,6
04/11/2020 8:21,Rachel Webb,R. Webb,AFE,Swim,5,,30
04/11/2020 8:39,Arthur Kelly,A. Kelly,ATC,Swim,1,,6
04/11/2020 9:39,Todd Cross,T. Cross,ABM,Run,3,,3
04/11/2020 9:56,Cynthia Webb,C. Webb,ADW,Walk,3,,3
04/11/2020 10:22,Steven Peterson,S. Peterson,ADW,Walk,1,,1
04/11/2020 13:23,Stefanie Tucker,S. Tucker,ABM,Cycle,4,,1
04/11/2020 14:09,William Wallace,W. Wallace,AOSX/AOS,Walk,5,,5
04/11/2020 18:18,Stephanie Walker,S. Walker,AFE,Run,9,,9
04/11/2020 20:11,Charles Tyler,C. Tyler,AFE,Walk,9,,9
04/11/2020 20:20,Erica Raymond,E. Raymond,ADSS/ADWS/ADWO,Walk,4,,4
04/11/2020 20:34,Mark Villanueva,M. Villanueva,ATC,Cycle,4,,1
04/11/2020 20:37,Rick Johnson,R. Johnson,ATC,Cycle,4,,1
04/11/2020 21:41,Mark Villanueva,M. Villanueva,ATC,Run,6,,6
04/11/2020 22:51,Angel Ho,A. Ho,AFE,Swim,9,,54
04/11/2020 22:59,Danielle Vaughn,D. Vaughn,ADSS/ADWS/ADWO,Swim,7,,42
05/11/2020 0:18,Rick Rodriguez,R. Rodriguez,ADSS/ADWS/ADWO,Swim,9,,54
05/11/2020 2:27,Veronica Barnett,V. Barnett,ADW,Walk,1,,1
05/11/2020 3:25,Mary Jackson,M. Jackson,ATC,Swim,6,,36
05/11/2020 6:00,Rachel Webb,R. Webb,AFE,Cycle,4,,1
05/11/2020 7:11,Jennifer Robbins,J. Robbins,AOSX/AOS,Cycle,3,,0.75
05/11/2020 11:04,Melinda Little,M. Little,ABM,Run,9,,9
05/11/2020 11:06,Jonathan Harris,J. Harris,ADW,Run,1,,1
05/11/2020 11:53,Veronica Barnett,V. Barnett,ADW,Swim,1,,6
05/11/2020 12:13,Heidi Caldwell,H. Caldwell,ABM,Swim,3,,18
05/11/2020 13:05,Brian Lambert,B. Lambert,AFE,Cycle,8,,2
05/11/2020 13:09,Todd Cross,T. Cross,ABM,Cycle,1,,0.25
05/11/2020 13:46,Angel Benson,A. Benson,ADSS/ADWS/ADWO,Walk,5,,5
05/11/2020 13:57,Cynthia Webb,C. Webb,ADW,Run,10,,10
05/11/2020 14:17,Evelyn Christian,E. Christian,AOSX/AOS,Swim,6,,36
05/11/2020 14:36,Brandon Fuller,B. Fuller,ABM,Cycle,7,,1.75
05/11/2020 17:15,Pamela Graham,P. Graham,ADW,Cycle,3,,0.75
05/11/2020 18:41,Jerome Whitehead,J. Whitehead,ADW,Swim,1,,6
05/11/2020 18:44,Jeffrey Smith,J. Smith,ABM,Run,10,,10
05/11/2020 19:10,Harold Perez,H. Perez,AOSX/AOS,Run,2,,2
05/11/2020 20:19,Tanya Lamb,T. Lamb,AFE,Run,8,,8
05/11/2020 20:28,Lori Pham,L. Pham,AOSX/AOS,Swim,7,,42
05/11/2020 20:31,Stefanie Tucker,S. Tucker,ABM,Cycle,2,,0.5
05/11/2020 22:28,Stephanie Walker,S. Walker,AFE,Walk,10,,10
05/11/2020 23:27,Evan Peterson,E. Peterson,AOSX/AOS,Run,8,,8
06/11/2020 0:24,Danielle Vaughn,D. Vaughn,ADSS/ADWS/ADWO,Walk,9,,9
06/11/2020 2:22,Danny Mason,D. Mason,AOSX/AOS,Cycle,8,,2
06/11/2020 4:50,James Mays,J. Mays,ADW,Walk,8,,8
06/11/2020 5:54,Cameron Proctor,C. Proctor,ADSS/ADWS/ADWO,Run,7,,7
06/11/2020 6:04,Patricia Roberts,P. Roberts,ATC,Swim,8,,48
06/11/2020 6:33,Mark Booker,M. Booker,AOSX/AOS,Run,4,,4
06/11/2020 9:03,Shawn Brown,S. Brown,ATC,Cycle,9,,2.25
06/11/2020 9:12,James Mays,J. Mays,ADW,Swim,1,,6
06/11/2020 13:28,Tammy Franco,T. Franco,AFE,Swim,6,,36
06/11/2020 14:51,Kelsey Pacheco,K. Pacheco,ADSS/ADWS/ADWO,Swim,5,,30
06/11/2020 14:54,Matthew Payne,M. Payne,AFE,Walk,1,,1
06/11/2020 15:23,Zachary Thomas,Z. Thomas,ADSS/ADWS/ADWO,Cycle,7,,1.75
06/11/2020 16:30,Craig Gonzalez,C. Gonzalez,ATC,Cycle,7,,1.75
06/11/2020 21:35,Jonathan Calderon,J. Calderon,AFE,Walk,8,,8
06/11/2020 22:25,Jacqueline Young,J. Young,ADSS/ADWS/ADWO,Cycle,6,,1.5
06/11/2020 22:36,Evelyn Christian,E. Christian,AOSX/AOS,Swim,2,,12
06/11/2020 23:49,Danny Mason,D. Mason,AOSX/AOS,Cycle,2,,0.5
06/11/2020 23:55,Andrea Ayers,A. Ayers,ADSS/ADWS/ADWO,Swim,10,,60
07/11/2020 0:09,Cameron Proctor,C. Proctor,ADSS/ADWS/ADWO,Cycle,2,,0.5
07/11/2020 1:11,Lisa Simpson,L. Simpson,AFE,Swim,9,,54
07/11/2020 2:05,James Mays,J. Mays,ADW,Run,4,,4
07/11/2020 2:37,Angel Ho,A. Ho,AFE,Walk,7,,7
07/11/2020 2:58,David Johnson,D. Johnson,AFE,Walk,8,,8
07/11/2020 4:37,Mark Villanueva,M. Villanueva,ATC,Run,3,,3
07/11/2020 5:19,Rick Johnson,R. Johnson,ATC,Walk,1,,1
07/11/2020 7:45,Jonathan Calderon,J. Calderon,AFE,Swim,8,,48
07/11/2020 10:19,Jonathan Calderon,J. Calderon,AFE,Cycle,8,,2
07/11/2020 10:56,James Jones,J. Jones,AOSX/AOS,Cycle,7,,1.75
07/11/2020 12:27,Mark Villanueva,M. Villanueva,ATC,Run,5,,5
07/11/2020 16:26,Christopher Perry,C. Perry,ABM,Swim,8,,48
07/11/2020 17:00,Sydney Parsons,S. Parsons,ADW,Swim,8,,48
07/11/2020 17:06,Ryan Mack,R. Mack,ADSS/ADWS/ADWO,Swim,6,,36
07/11/2020 17:38,Justin Richardson,J. Richardson,ADW,Run,8,,8
07/11/2020 19:46,Sean Mcdonald,S. Mcdonald,AFE,Swim,10,,60
07/11/2020 20:40,Catherine Wilkins,C. Wilkins,AFE,Swim,5,,30
07/11/2020 20:53,Johnny Lee,J. Lee,AFE,Swim,1,,6
07/11/2020 21:12,Melinda Little,M. Little,ABM,Swim,2,,12
07/11/2020 21:45,James Rodriguez,J. Rodriguez,ADW,Cycle,9,,2.25
07/11/2020 21:46,Amanda Taylor,A. Taylor,ADW,Walk,2,,2
07/11/2020 22:33,Antonio Taylor,A. Taylor,ABM,Swim,4,,24
07/11/2020 22:55,Jennifer Robbins,J. Robbins,AOSX/AOS,Run,8,,8
07/11/2020 23:05,Jeffrey Fisher,J. Fisher,ABM,Run,4,,4
08/11/2020 0:33,Lawrence Crawford,L. Crawford,AFE,Run,6,,6
08/11/2020 1:52,Todd Cross,T. Cross,ABM,Run,3,,3
08/11/2020 2:58,Brandon Ramos,B. Ramos,AFE,Swim,10,,60
08/11/2020 3:22,Aaron Graham,A. Graham,ADSS/ADWS/ADWO,Swim,8,,48
08/11/2020 3:39,Steven Peterson,S. Peterson,ADW,Walk,1,,1
08/11/2020 4:08,Kyle Jones,K. Jones,AFE,Run,6,,6
08/11/2020 4:22,David Bell,D. Bell,AOSX/AOS,Cycle,10,,2.5
08/11/2020 4:43,William Brown,W. Brown,ADSS/ADWS/ADWO,Swim,9,,54
08/11/2020 5:09,Sean Mcdonald,S. Mcdonald,AFE,Run,10,,10
08/11/2020 5:34,Paul Rogers,P. Rogers,AOSX/AOS,Cycle,9,,2.25
08/11/2020 6:17,Jeffrey Fisher,J. Fisher,ABM,Run,7,,7
08/11/2020 6:28,Lisa Simpson,L. Simpson,AFE,Walk,4,,4
08/11/2020 7:38,Jessica Carter,J. Carter,ADSS/ADWS/ADWO,Walk,2,,2
08/11/2020 8:36,Antonio Taylor,A. Taylor,ABM,Cycle,2,,0.5
08/11/2020 10:42,Jessica Carter,J. Carter,ADSS/ADWS/ADWO,Cycle,7,,1.75
08/11/2020 11:25,Brandon Fuller,B. Fuller,ABM,Cycle,10,,2.5
08/11/2020 13:00,William Brown,W. Brown,ADSS/ADWS/ADWO,Cycle,8,,2
08/11/2020 13:53,Heidi Caldwell,H. Caldwell,ABM,Walk,4,,4
08/11/2020 14:02,Mary Jackson,M. Jackson,ATC,Run,5,,5
08/11/2020 14:30,Sean Mcdonald,S. Mcdonald,AFE,Swim,6,,36
08/11/2020 14:35,James Mays,J. Mays,ADW,Run,5,,5
08/11/2020 16:12,Angel Benson,A. Benson,ADSS/ADWS/ADWO,Cycle,7,,1.75
08/11/2020 16:18,Tracey Nguyen,T. Nguyen,AOSX/AOS,Walk,1,,1
08/11/2020 19:48,Barbara Baker,B. Baker,ATC,Run,3,,3
08/11/2020 19:59,Vicki Flores,V. Flores,ADSS/ADWS/ADWO,Run,8,,8
08/11/2020 21:14,Christopher Perry,C. Perry,ABM,Swim,9,,54
08/11/2020 21:18,Justin Richardson,J. Richardson,ADW,Swim,6,,36
08/11/2020 21:41,Steven Johnson,S. Johnson,ADW,Walk,10,,10
09/11/2020 0:04,Angel Benson,A. Benson,ADSS/ADWS/ADWO,Walk,8,,8
09/11/2020 2:16,James Mays,J. Mays,ADW,Swim,3,,18
09/11/2020 3:32,Justin Richardson,J. Richardson,ADW,Cycle,8,,2
09/11/2020 4:37,Steven Johnson,S. Johnson,ADW,Swim,6,,36
09/11/2020 5:00,Julie Lam,J. Lam,AOSX/AOS,Walk,6,,6
09/11/2020 7:32,Brandon Fuller,B. Fuller,ABM,Walk,8,,8
09/11/2020 8:16,Amanda Taylor,A. Taylor,ADW,Walk,4,,4
09/11/2020 10:16,Barbara Williams,B. Williams,ADW,Cycle,5,,1.25
09/11/2020 10:43,Paul Rogers,P. Rogers,AOSX/AOS,Walk,3,,3
09/11/2020 12:22,Morgan Woods,M. Woods,ADSS/ADWS/ADWO,Swim,7,,42
09/11/2020 12:38,James Rodriguez,J. Rodriguez,ADW,Walk,2,,2
09/11/2020 13:42,Mark Booker,M. Booker,AOSX/AOS,Run,8,,8
09/11/2020 20:07,Rick Rodriguez,R. Rodriguez,ADSS/ADWS/ADWO,Run,1,,1
09/11/2020 20:08,Mark Booker,M. Booker,AOSX/AOS,Cycle,9,,2.25
09/11/2020 20:29,James Rodriguez,J. Rodriguez,ADW,Walk,2,,2
09/11/2020 21:30,Cynthia Webb,C. Webb,ADW,Swim,8,,48
09/11/2020 21:59,Melinda Little,M. Little,ABM,Swim,4,,24
10/11/2020 1:54,Jeffrey Fisher,J. Fisher,ABM,Cycle,5,,1.25
10/11/2020 3:03,Antonio Taylor,A. Taylor,ABM,Cycle,2,,0.5
10/11/2020 3:05,Kelsey Pacheco,K. Pacheco,ADSS/ADWS/ADWO,Cycle,2,,0.5
10/11/2020 4:35,Vicki Flores,V. Flores,ADSS/ADWS/ADWO,Swim,5,,30
10/11/2020 5:21,Barbara Baker,B. Baker,ATC,Swim,2,,12
10/11/2020 5:47,Patricia Roberts,P. Roberts,ATC,Walk,10,,10
10/11/2020 6:33,Antonio Taylor,A. Taylor,ABM,Run,3,,3
10/11/2020 7:06,Rick Rodriguez,R. Rodriguez,ADSS/ADWS/ADWO,Swim,6,,36
10/11/2020 9:27,Wendy Maynard,W. Maynard,AFE,Cycle,2,,0.5
10/11/2020 10:31,Melinda Little,M. Little,ABM,Walk,3,,3
10/11/2020 12:40,Angel Benson,A. Benson,ADSS/ADWS/ADWO,Swim,4,,24
10/11/2020 14:19,Brian Lambert,B. Lambert,AFE,Swim,7,,42
10/11/2020 15:03,William Wallace,W. Wallace,AOSX/AOS,Cycle,2,,0.5
10/11/2020 15:29,Cameron Proctor,C. Proctor,ADSS/ADWS/ADWO,Cycle,4,,1
10/11/2020 15:41,Brandon Ramos,B. Ramos,AFE,Cycle,3,,0.75
10/11/2020 16:10,Aaron Graham,A. Graham,ADSS/ADWS/ADWO,Swim,10,,60
10/11/2020 17:27,Andrea Ayers,A. Ayers,ADSS/ADWS/ADWO,Walk,6,,6
10/11/2020 17:34,Kyle Jones,K. Jones,AFE,Swim,6,,36
10/11/2020 19:36,Hannah Pitts,H. Pitts,AFE,Cycle,3,,0.75
10/11/2020 19:51,Matthew Payne,M. Payne,AFE,Walk,1,,1
10/11/2020 20:33,Jennifer Robbins,J. Robbins,AOSX/AOS,Run,4,,4
10/11/2020 23:21,Jeffrey Smith,J. Smith,ABM,Cycle,1,,0.25
10/11/2020 23:44,Tanya Lamb,T. Lamb,AFE,Cycle,9,,2.25
10/11/2020 23:44,Morgan Woods,M. Woods,ADSS/ADWS/ADWO,Swim,4,,24
11/11/2020 0:30,Zachary Thomas,Z. Thomas,ADSS/ADWS/ADWO,Run,1,,1
11/11/2020 1:17,William Baker,W. Baker,AFE,Walk,8,,8
11/11/2020 2:19,Lisa Simpson,L. Simpson,AFE,Walk,1,,1
11/11/2020 2:30,Pamela Graham,P. Graham,ADW,Walk,8,,8
11/11/2020 4:29,Erica Raymond,E. Raymond,ADSS/ADWS/ADWO,Swim,4,,24
11/11/2020 4:38,Angel Benson,A. Benson,ADSS/ADWS/ADWO,Cycle,1,,0.25
11/11/2020 5:07,James Rodriguez,J. Rodriguez,ADW,Walk,7,,7
11/11/2020 6:02,Lawrence Crawford,L. Crawford,AFE,Walk,2,,2
11/11/2020 10:40,Lawrence Crawford,L. Crawford,AFE,Run,9,,9
11/11/2020 12:11,Johnny Lee,J. Lee,AFE,Swim,7,,42
11/11/2020 12:23,Steven Peterson,S. Peterson,ADW,Cycle,8,,2
11/11/2020 13:05,Kyle Jones,K. Jones,AFE,Walk,2,,2
11/11/2020 14:15,Barbara Baker,B. Baker,ATC,Walk,6,,6
11/11/2020 15:09,Diana Lee,D. Lee,ATC,Cycle,7,,1.75
11/11/2020 16:10,Mark Booker,M. Booker,AOSX/AOS,Run,3,,3
11/11/2020 16:36,Thomas Berry,T. Berry,ADSS/ADWS/ADWO,Run,4,,4
11/11/2020 19:30,Jennifer Robbins,J. Robbins,AOSX/AOS,Run,10,,10
11/11/2020 19:52,Rick Rodriguez,R. Rodriguez,ADSS/ADWS/ADWO,Walk,7,,7
11/11/2020 19:58,Michael Brown,M. Brown,ABM,Cycle,10,,2.5
11/11/2020 20:47,Morgan Woods,M. Woods,ADSS/ADWS/ADWO,Run,2,,2
11/11/2020 20:52,Diana Lee,D. Lee,ATC,Cycle,4,,1
11/11/2020 22:05,Brandon Russell,B. Russell,ATC,Walk,10,,10
11/11/2020 22:16,Kelsey Pacheco,K. Pacheco,ADSS/ADWS/ADWO,Swim,1,,6
11/11/2020 23:27,Veronica Barnett,V. Barnett,ADW,Cycle,8,,2
12/11/2020 0:39,Erica Raymond,E. Raymond,ADSS/ADWS/ADWO,Walk,9,,9
12/11/2020 0:53,Kimberly Thomas,K. Thomas,AFE,Walk,1,,1
12/11/2020 0:54,Cameron Proctor,C. Proctor,ADSS/ADWS/ADWO,Swim,10,,60
12/11/2020 1:16,Danielle Vaughn,D. Vaughn,ADSS/ADWS/ADWO,Run,7,,7
12/11/2020 3:59,Lori Pham,L. Pham,AOSX/AOS,Run,5,,5
12/11/2020 4:35,David Bell,D. Bell,AOSX/AOS,Walk,6,,6
12/11/2020 4:39,Vicki Flores,V. Flores,ADSS/ADWS/ADWO,Swim,4,,24
12/11/2020 5:32,Kenneth Rogers,K. Rogers,ABM,Swim,8,,48
12/11/2020 5:36,Jonathan Calderon,J. Calderon,AFE,Run,2,,2
12/11/2020 8:36,Tanya Lamb,T. Lamb,AFE,Run,6,,6
12/11/2020 8:39,Susan Hill,S. Hill,AOSX/AOS,Swim,10,,60
12/11/2020 10:03,Kenneth Rogers,K. Rogers,ABM,Swim,9,,54
12/11/2020 10:10,David Bell,D. Bell,AOSX/AOS,Walk,4,,4
12/11/2020 10:31,Lori Pham,L. Pham,AOSX/AOS,Walk,4,,4
12/11/2020 10:45,Morgan Woods,M. Woods,ADSS/ADWS/ADWO,Swim,4,,24
12/11/2020 11:00,Wendy Maynard,W. Maynard,AFE,Run,5,,5
12/11/2020 11:53,Paul Rogers,P. Rogers,AOSX/AOS,Run,10,,10
12/11/2020 12:47,Jeffrey Smith,J. Smith,ABM,Walk,10,,10
12/11/2020 13:11,Brian Lambert,B. Lambert,AFE,Cycle,5,,1.25
12/11/2020 14:10,Evan Peterson,E. Peterson,AOSX/AOS,Swim,3,,18
12/11/2020 15:27,Steven Peterson,S. Peterson,ADW,Cycle,4,,1
12/11/2020 16:16,Jerome Whitehead,J. Whitehead,ADW,Run,2,,2
12/11/2020 17:10,Jerome Whitehead,J. Whitehead,ADW,Swim,7,,42
12/11/2020 17:16,Charles Tyler,C. Tyler,AFE,Cycle,7,,1.75
12/11/2020 17:37,Jessica Carter,J. Carter,ADSS/ADWS/ADWO,Run,5,,5
12/11/2020 17:46,Aaron Graham,A. Graham,ADSS/ADWS/ADWO,Walk,1,,1
12/11/2020 18:15,Stefanie Tucker,S. Tucker,ABM,Walk,8,,8
12/11/2020 18:35,James Hammond,J. Hammond,ADSS/ADWS/ADWO,Walk,8,,8
12/11/2020 18:39,Brian Lambert,B. Lambert,AFE,Swim,8,,48
12/11/2020 19:10,Jennifer Robbins,J. Robbins,AOSX/AOS,Walk,10,,10
12/11/2020 19:15,Danielle Vaughn,D. Vaughn,ADSS/ADWS/ADWO,Walk,3,,3
12/11/2020 20:43,Zachary Thomas,Z. Thomas,ADSS/ADWS/ADWO,Run,6,,6
12/11/2020 21:00,Jeffrey Smith,J. Smith,ABM,Run,9,,9
12/11/2020 21:56,Shelby Robertson,S. Robertson,ABM,Swim,2,,12
12/11/2020 21:59,Lisa Simpson,L. Simpson,AFE,Cycle,2,,0.5
13/11/2020 00:30,Harold Perez,H. Perez,AOSX/AOS,Walk,8,,8
13/11/2020 01:11,David Johnson,D. Johnson,AFE,Swim,10,,60
13/11/2020 02:35,Heidi Caldwell,H. Caldwell,ABM,Run,8,,8
13/11/2020 02:49,Laura Tucker,L. Tucker,AOSX/AOS,Cycle,9,,2.25
13/11/2020 04:34,Stephanie Walker,S. Walker,AFE,Run,5,,5
13/11/2020 04:57,Laura Tucker,L. Tucker,AOSX/AOS,Swim,2,,12
13/11/2020 07:23,Catherine Wilkins,C. Wilkins,AFE,Swim,5,,30
13/11/2020 07:40,Veronica Barnett,V. Barnett,ADW,Run,3,,3
13/11/2020 08:22,Kelsey Pacheco,K. Pacheco,ADSS/ADWS/ADWO,Swim,6,,36
13/11/2020 09:28,Cameron Proctor,C. Proctor,ADSS/ADWS/ADWO,Walk,4,,4
13/11/2020 09:50,Paul Rogers,P. Rogers,AOSX/AOS,Cycle,7,,1.75
13/11/2020 10:38,Arthur Kelly,A. Kelly,ATC,Cycle,6,,1.5
13/11/2020 11:39,Rick Rodriguez,R. Rodriguez,ADSS/ADWS/ADWO,Run,1,,1
13/11/2020 11:53,Veronica Barnett,V. Barnett,ADW,Walk,2,,2
13/11/2020 11:56,Deborah Gonzales,D. Gonzales,ABM,Swim,1,,6
13/11/2020 15:37,Rick Rodriguez,R. Rodriguez,ADSS/ADWS/ADWO,Walk,2,,2
13/11/2020 15:37,Jeffrey Smith,J. Smith,ABM,Run,4,,4
13/11/2020 18:02,Barbara Williams,B. Williams,ADW,Walk,5,,5
13/11/2020 20:11,Julie Lam,J. Lam,AOSX/AOS,Cycle,3,,0.75
13/11/2020 23:41,William Baker,W. Baker,AFE,Run,7,,7
14/11/2020 00:09,Jerome Whitehead,J. Whitehead,ADW,Cycle,4,,1
14/11/2020 00:18,Rachel Webb,R. Webb,AFE,Run,5,,5
14/11/2020 01:14,Mark Villanueva,M. Villanueva,ATC,Swim,3,,18
14/11/2020 03:45,Jennifer Robbins,J. Robbins,AOSX/AOS,Swim,6,,36
14/11/2020 04:21,David Johnson,D. Johnson,AFE,Swim,2,,12
14/11/2020 04:32,Tracey Nguyen,T. Nguyen,AOSX/AOS,Cycle,7,,1.75
14/11/2020 06:55,Steven Peterson,S. Peterson,ADW,Walk,10,,10
14/11/2020 06:56,Johnny Lee,J. Lee,AFE,Run,2,,2
14/11/2020 07:08,Julie Lam,J. Lam,AOSX/AOS,Swim,1,,6
14/11/2020 07:51,Kelsey Pacheco,K. Pacheco,ADSS/ADWS/ADWO,Run,1,,1
14/11/2020 08:17,David Bell,D. Bell,AOSX/AOS,Cycle,10,,2.5
14/11/2020 10:53,Deborah Gonzales,D. Gonzales,ABM,Run,1,,1
14/11/2020 14:01,Barbara Baker,B. Baker,ATC,Swim,9,,54
14/11/2020 14:03,Kyle Jones,K. Jones,AFE,Run,10,,10
14/11/2020 20:29,Jeffrey Smith,J. Smith,ABM,Walk,9,,9
14/11/2020 21:09,Hannah Pitts,H. Pitts,AFE,Swim,3,,18
14/11/2020 21:31,Jonathan Harris,J. Harris,ADW,Run,6,,6
14/11/2020 21:46,Ryan Mack,R. Mack,ADSS/ADWS/ADWO,Run,9,,9
14/11/2020 21:51,Zachary Thomas,Z. Thomas,ADSS/ADWS/ADWO,Cycle,9,,2.25
14/11/2020 22:21,Catherine Wilkins,C. Wilkins,AFE,Walk,5,,5
14/11/2020 23:59,Antonio Taylor,A. Taylor,ABM,Swim,8,,48
15/11/2020 01:15,Stefanie Tucker,S. Tucker,ABM,Walk,8,,8
15/11/2020 01:23,Julie Lam,J. Lam,AOSX/AOS,Swim,9,,54
15/11/2020 02:02,Catherine Smith,C. Smith,ADW,Swim,10,,60
15/11/2020 02:46,Arthur Kelly,A. Kelly,ATC,Swim,8,,48
15/11/2020 02:58,Shelby Robertson,S. Robertson,ABM,Swim,4,,24
15/11/2020 03:59,Evan Peterson,E. Peterson,AOSX/AOS,Run,7,,7
15/11/2020 04:27,Cameron Proctor,C. Proctor,ADSS/ADWS/ADWO,Cycle,6,,1.5
15/11/2020 04:59,Veronica Barnett,V. Barnett,ADW,Walk,2,,2
15/11/2020 05:57,Angel Benson,A. Benson,ADSS/ADWS/ADWO,Walk,1,,1
15/11/2020 06:42,Julie Lam,J. Lam,AOSX/AOS,Walk,10,,10
15/11/2020 06:55,David Bell,D. Bell,AOSX/AOS,Cycle,9,,2.25
15/11/2020 07:07,Danielle Vaughn,D. Vaughn,ADSS/ADWS/ADWO,Cycle,10,,2.5
15/11/2020 08:27,Tammy Franco,T. Franco,AFE,Run,4,,4
15/11/2020 09:36,Antonio Taylor,A. Taylor,ABM,Run,5,,5
15/11/2020 11:47,Deborah Gonzales,D. Gonzales,ABM,Run,10,,10
15/11/2020 13:29,Hannah Pitts,H. Pitts,AFE,Run,5,,5
15/11/2020 15:31,Mary Jackson,M. Jackson,ATC,Run,4,,4
15/11/2020 16:22,Angel Benson,A. Benson,ADSS/ADWS/ADWO,Cycle,6,,1.5
15/11/2020 16:45,Stephanie Lee DDS,S. Lee,ADW,Walk,1,,1
15/11/2020 17:30,Heidi Caldwell,H. Caldwell,ABM,Walk,5,,5
15/11/2020 17:36,Jonathan Calderon,J. Calderon,AFE,Cycle,5,,1.25
15/11/2020 17:45,Julie Lam,J. Lam,AOSX/AOS,Run,2,,2
15/11/2020 17:58,Misty Stout,M. Stout,ADSS/ADWS/ADWO,Swim,3,,18
15/11/2020 18:26,Jade Johnson,J. Johnson,ADSS/ADWS/ADWO,Swim,2,,12
15/11/2020 18:31,Rick Rodriguez,R. Rodriguez,ADSS/ADWS/ADWO,Swim,2,,12
15/11/2020 19:12,Diana Lee,D. Lee,ATC,Cycle,3,,0.75
15/11/2020 19:40,Steven Johnson,S. Johnson,ADW,Swim,10,,60
15/11/2020 23:43,Stephanie Lee DDS,S. Lee,ADW,Walk,3,,3
16/11/2020 01:23,Amanda Taylor,A. Taylor,ADW,Walk,9,,9
16/11/2020 02:41,Jerome Whitehead,J. Whitehead,ADW,Run,2,,2
16/11/2020 03:48,Hannah Pitts,H. Pitts,AFE,Cycle,3,,0.75
16/11/2020 04:10,Brandon Russell,B. Russell,ATC,Run,5,,5
16/11/2020 05:48,Catherine Smith,C. Smith,ADW,Run,7,,7
16/11/2020 06:42,Harold Perez,H. Perez,AOSX/AOS,Cycle,7,,1.75
16/11/2020 07:56,Lawrence Crawford,L. Crawford,AFE,Cycle,9,,2.25
16/11/2020 09:08,William Brown,W. Brown,ADSS/ADWS/ADWO,Run,10,,10
16/11/2020 09:27,James Rodriguez,J. Rodriguez,ADW,Cycle,9,,2.25
16/11/2020 09:47,Jonathan Gardner,J. Gardner,AFE,Swim,4,,24
16/11/2020 10:28,Rachel Webb,R. Webb,AFE,Run,4,,4
16/11/2020 11:09,Jeffrey Fisher,J. Fisher,ABM,Cycle,8,,2
16/11/2020 11:30,Kenneth Rogers,K. Rogers,ABM,Swim,10,,60
16/11/2020 11:45,Paul Rogers,P. Rogers,AOSX/AOS,Cycle,5,,1.25
16/11/2020 11:54,Kenneth Rogers,K. Rogers,ABM,Swim,10,,60
16/11/2020 13:51,Craig Gonzalez,C. Gonzalez,ATC,Cycle,1,,0.25
16/11/2020 14:25,Susan Hill,S. Hill,AOSX/AOS,Swim,2,,12
16/11/2020 14:43,Lisa Simpson,L. Simpson,AFE,Walk,5,,5
16/11/2020 14:46,Kyle Jones,K. Jones,AFE,Walk,1,,1
16/11/2020 14:47,Justin Richardson,J. Richardson,ADW,Cycle,7,,1.75
16/11/2020 15:57,Evan Peterson,E. Peterson,AOSX/AOS,Swim,8,,48
16/11/2020 18:00,Angel Benson,A. Benson,ADSS/ADWS/ADWO,Walk,1,,1
16/11/2020 18:21,Craig Gonzalez,C. Gonzalez,ATC,Run,8,,8
16/11/2020 18:26,Jonathan Harris,J. Harris,ADW,Swim,7,,42
16/11/2020 18:27,Jonathan Calderon,J. Calderon,AFE,Cycle,6,,1.5
16/11/2020 20:06,James Jones,J. Jones,AOSX/AOS,Run,8,,8
16/11/2020 20:46,James Rodriguez,J. Rodriguez,ADW,Run,2,,2
16/11/2020 21:59,Steven Peterson,S. Peterson,ADW,Swim,10,,60
16/11/2020 23:59,Zachary Thomas,Z. Thomas,ADSS/ADWS/ADWO,Swim,9,,54
17/11/2020 01:08,Melinda Little,M. Little,ABM,Swim,8,,48
17/11/2020 01:39,Barbara Baker,B. Baker,ATC,Swim,4,,24
17/11/2020 02:09,James Rodriguez,J. Rodriguez,ADW,Swim,4,,24
17/11/2020 03:32,Paula Scott,P. Scott,ATC,Swim,7,,42
17/11/2020 04:06,Lawrence Crawford,L. Crawford,AFE,Swim,5,,30
17/11/2020 04:42,Veronica Barnett,V. Barnett,ADW,Run,6,,6
17/11/2020 05:14,Jonathan Calderon,J. Calderon,AFE,Cycle,6,,1.5
17/11/2020 05:16,Rick Rodriguez,R. Rodriguez,ADSS/ADWS/ADWO,Walk,10,,10
17/11/2020 05:43,Cynthia Webb,C. Webb,ADW,Cycle,4,,1
17/11/2020 07:34,Wendy Maynard,W. Maynard,AFE,Swim,5,,30
17/11/2020 10:16,Stefanie Tucker,S. Tucker,ABM,Run,8,,8
17/11/2020 13:12,Kyle Jones,K. Jones,AFE,Cycle,2,,0.5
17/11/2020 14:57,Antonio Taylor,A. Taylor,ABM,Cycle,9,,2.25
17/11/2020 15:48,Jeffrey Smith,J. Smith,ABM,Walk,2,,2
17/11/2020 16:52,Veronica Barnett,V. Barnett,ADW,Walk,4,,4
17/11/2020 17:06,Jonathan Gardner,J. Gardner,AFE,Cycle,4,,1
17/11/2020 19:54,Rick Rodriguez,R. Rodriguez,ADSS/ADWS/ADWO,Walk,9,,9
17/11/2020 21:19,Lori Pham,L. Pham,AOSX/AOS,Cycle,3,,0.75
18/11/2020 00:06,Arthur Kelly,A. Kelly,ATC,Swim,5,,30
18/11/2020 00:57,Evan Peterson,E. Peterson,AOSX/AOS,Walk,1,,1
18/11/2020 03:04,Tanya Lamb,T. Lamb,AFE,Swim,4,,24
18/11/2020 03:19,James Mays,J. Mays,ADW,Walk,7,,7
18/11/2020 04:52,Angel Benson,A. Benson,ADSS/ADWS/ADWO,Cycle,9,,2.25
18/11/2020 07:06,Sean Mcdonald,S. Mcdonald,AFE,Swim,6,,36
18/11/2020 07:24,Sydney Parsons,S. Parsons,ADW,Cycle,6,,1.5
18/11/2020 07:40,Brandon Ramos,B. Ramos,AFE,Walk,9,,9
18/11/2020 07:51,David Bell,D. Bell,AOSX/AOS,Swim,8,,48
18/11/2020 11:00,Barbara Baker,B. Baker,ATC,Cycle,8,,2
18/11/2020 11:25,William Brown,W. Brown,ADSS/ADWS/ADWO,Swim,3,,18
18/11/2020 13:55,Morgan Woods,M. Woods,ADSS/ADWS/ADWO,Swim,10,,60
18/11/2020 14:24,Todd Cross,T. Cross,ABM,Walk,7,,7
18/11/2020 17:08,Todd Cross,T. Cross,ABM,Swim,9,,54
18/11/2020 17:15,Misty Stout,M. Stout,ADSS/ADWS/ADWO,Walk,7,,7
18/11/2020 17:21,David Bell,D. Bell,AOSX/AOS,Swim,6,,36
18/11/2020 18:25,Shawn Brown,S. Brown,ATC,Walk,1,,1
18/11/2020 18:38,Lori Pham,L. Pham,AOSX/AOS,Swim,7,,42
18/11/2020 19:53,Harold Perez,H. Perez,AOSX/AOS,Swim,10,,60
18/11/2020 20:32,Kyle Jones,K. Jones,AFE,Swim,1,,6
18/11/2020 21:10,Rachel Webb,R. Webb,AFE,Walk,8,,8
18/11/2020 21:37,Lawrence Crawford,L. Crawford,AFE,Cycle,10,,2.5
18/11/2020 22:26,Craig Gonzalez,C. Gonzalez,ATC,Run,4,,4
18/11/2020 22:37,Angel Ho,A. Ho,AFE,Cycle,9,,2.25
18/11/2020 23:19,Shawn Brown,S. Brown,ATC,Walk,1,,1
19/11/2020 01:58,Evan Peterson,E. Peterson,AOSX/AOS,Cycle,1,,0.25
19/11/2020 07:38,Harold Perez,H. Perez,AOSX/AOS,Walk,2,,2
19/11/2020 07:48,Zachary Thomas,Z. Thomas,ADSS/ADWS/ADWO,Cycle,7,,1.75
19/11/2020 10:48,Steven Peterson,S. Peterson,ADW,Cycle,2,,0.5
19/11/2020 12:14,Mary Jackson,M. Jackson,ATC,Run,7,,7
19/11/2020 12:23,Mark Villanueva,M. Villanueva,ATC,Walk,1,,1
19/11/2020 14:18,Brian Lambert,B. Lambert,AFE,Swim,10,,60
19/11/2020 16:22,Catherine Smith,C. Smith,ADW,Walk,10,,10
19/11/2020 17:40,William Baker,W. Baker,AFE,Run,9,,9
19/11/2020 17:49,Jerome Whitehead,J. Whitehead,ADW,Swim,10,,60
19/11/2020 18:26,Justin Richardson,J. Richardson,ADW,Run,5,,5
19/11/2020 20:00,Barbara Baker,B. Baker,ATC,Walk,9,,9
19/11/2020 20:07,Ryan Mack,R. Mack,ADSS/ADWS/ADWO,Walk,4,,4
19/11/2020 21:58,Angel Benson,A. Benson,ADSS/ADWS/ADWO,Cycle,9,,2.25
19/11/2020 22:51,Matthew Payne,M. Payne,AFE,Run,3,,3
20/11/2020 00:30,Ryan Mack,R. Mack,ADSS/ADWS/ADWO,Cycle,4,,1
20/11/2020 02:19,Kimberly Thomas,K. Thomas,AFE,Swim,4,,24
20/11/2020 03:19,Kenneth Rogers,K. Rogers,ABM,Walk,4,,4
20/11/2020 05:23,Ian Townsend,I. Townsend,AOSX/AOS,Run,6,,6
20/11/2020 05:56,Lori Pham,L. Pham,AOSX/AOS,Swim,8,,48
20/11/2020 06:22,Robert Clark,R. Clark,ABM,Cycle,6,,1.5
20/11/2020 06:53,Kimberly Thomas,K. Thomas,AFE,Walk,2,,2
20/11/2020 06:56,Andrea Ayers,A. Ayers,ADSS/ADWS/ADWO,Run,2,,2
20/11/2020 09:23,Heidi Caldwell,H. Caldwell,ABM,Cycle,5,,1.25
20/11/2020 09:44,Cynthia Webb,C. Webb,ADW,Cycle,5,,1.25
20/11/2020 10:47,Melinda Little,M. Little,ABM,Swim,5,,30
20/11/2020 11:08,Lisa Simpson,L. Simpson,AFE,Cycle,7,,1.75
20/11/2020 11:16,Todd Cross,T. Cross,ABM,Cycle,9,,2.25
20/11/2020 12:00,Barbara Baker,B. Baker,ATC,Run,3,,3
20/11/2020 12:33,Danielle Vaughn,D. Vaughn,ADSS/ADWS/ADWO,Walk,8,,8
20/11/2020 12:40,Arthur Kelly,A. Kelly,ATC,Run,2,,2
20/11/2020 13:58,Veronica Barnett,V. Barnett,ADW,Cycle,8,,2
20/11/2020 16:09,Sydney Parsons,S. Parsons,ADW,Swim,7,,42
20/11/2020 16:10,Evan Peterson,E. Peterson,AOSX/AOS,Swim,3,,18
20/11/2020 17:08,David Johnson,D. Johnson,AFE,Run,3,,3
20/11/2020 17:37,Rick Johnson,R. Johnson,ATC,Cycle,1,,0.25
20/11/2020 18:20,Thomas Berry,T. Berry,ADSS/ADWS/ADWO,Swim,7,,42
20/11/2020 20:17,Jennifer Robbins,J. Robbins,AOSX/AOS,Run,6,,6
20/11/2020 20:54,Morgan Woods,M. Woods,ADSS/ADWS/ADWO,Swim,3,,18
20/11/2020 23:35,Charles Tyler,C. Tyler,AFE,Walk,5,,5
21/11/2020 01:30,Brandon Ramos,B. Ramos,AFE,Cycle,8,,2
21/11/2020 03:29,James Rodriguez,J. Rodriguez,ADW,Walk,1,,1
21/11/2020 03:29,Tanya Lamb,T. Lamb,AFE,Cycle,7,,1.75
21/11/2020 04:42,Tanya Lamb,T. Lamb,AFE,Walk,6,,6
21/11/2020 05:10,Paula Scott,P. Scott,ATC,Walk,9,,9
21/11/2020 07:27,Jonathan Harris,J. Harris,ADW,Swim,5,,30
21/11/2020 08:55,Paula Scott,P. Scott,ATC,Walk,8,,8
21/11/2020 09:15,Sydney Parsons,S. Parsons,ADW,Run,6,,6
21/11/2020 10:22,Kelsey Pacheco,K. Pacheco,ADSS/ADWS/ADWO,Swim,7,,42
21/11/2020 10:23,Stephanie Walker,S. Walker,AFE,Run,8,,8
21/11/2020 12:48,Tracey Nguyen,T. Nguyen,AOSX/AOS,Swim,3,,18
21/11/2020 13:43,Todd Cross,T. Cross,ABM,Swim,6,,36
21/11/2020 15:03,Jonathan Harris,J. Harris,ADW,Run,4,,4
21/11/2020 15:09,James Hammond,J. Hammond,ADSS/ADWS/ADWO,Cycle,8,,2
21/11/2020 16:35,Vicki Flores,V. Flores,ADSS/ADWS/ADWO,Run,6,,6
21/11/2020 17:34,Jonathan Harris,J. Harris,ADW,Cycle,8,,2
21/11/2020 18:37,Anthony Warren,A. Warren,ADSS/ADWS/ADWO,Walk,9,,9
21/11/2020 18:42,Hannah Pitts,H. Pitts,AFE,Run,3,,3
21/11/2020 22:06,Ian Townsend,I. Townsend,AOSX/AOS,Swim,10,,60
21/11/2020 22:09,Steven Johnson,S. Johnson,ADW,Cycle,4,,1
21/11/2020 22:25,Cynthia Webb,C. Webb,ADW,Walk,3,,3
21/11/2020 23:34,Anthony Warren,A. Warren,ADSS/ADWS/ADWO,Cycle,3,,0.75
22/11/2020 00:42,Jessica Carter,J. Carter,ADSS/ADWS/ADWO,Cycle,2,,0.5
22/11/2020 00:48,Angel Benson,A. Benson,ADSS/ADWS/ADWO,Run,5,,5
22/11/2020 02:38,Jonathan Calderon,J. Calderon,AFE,Run,5,,5
22/11/2020 03:34,Stephanie Walker,S. Walker,AFE,Walk,5,,5
22/11/2020 04:18,Anthony Warren,A. Warren,ADSS/ADWS/ADWO,Cycle,5,,1.25
22/11/2020 05:15,Jeffrey Smith,J. Smith,ABM,Run,2,,2
22/11/2020 06:27,Jeffrey Fisher,J. Fisher,ABM,Cycle,5,,1.25
22/11/2020 09:08,Evelyn Christian,E. Christian,AOSX/AOS,Walk,7,,7
22/11/2020 09:15,Tracey Nguyen,T. Nguyen,AOSX/AOS,Walk,7,,7
22/11/2020 10:57,Andrea Ayers,A. Ayers,ADSS/ADWS/ADWO,Cycle,4,,1
22/11/2020 11:21,Cynthia Webb,C. Webb,ADW,Walk,7,,7
22/11/2020 12:42,Deborah Gonzales,D. Gonzales,ABM,Walk,3,,3
22/11/2020 13:06,Jeffrey Smith,J. Smith,ABM,Run,7,,7
22/11/2020 14:00,Stephanie Lee DDS,S. Lee,ADW,Swim,4,,24
22/11/2020 15:06,Aaron Graham,A. Graham,ADSS/ADWS/ADWO,Walk,9,,9
22/11/2020 15:19,Wendy Maynard,W. Maynard,AFE,Walk,6,,6
22/11/2020 15:23,Kimberly Thomas,K. Thomas,AFE,Cycle,6,,1.5
22/11/2020 15:35,Jacqueline Young,J. Young,ADSS/ADWS/ADWO,Run,3,,3
22/11/2020 17:14,Kimberly Thomas,K. Thomas,AFE,Run,2,,2
22/11/2020 17:19,Michael Brown,M. Brown,ABM,Cycle,1,,0.25
22/11/2020 17:22,Matthew Payne,M. Payne,AFE,Cycle,8,,2
22/11/2020 17:50,Shawn Brown,S. Brown,ATC,Cycle,10,,2.5
22/11/2020 18:38,Aaron Graham,A. Graham,ADSS/ADWS/ADWO,Walk,8,,8
22/11/2020 18:42,Danny Mason,D. Mason,AOSX/AOS,Run,2,,2
22/11/2020 19:37,William Baker,W. Baker,AFE,Walk,2,,2
22/11/2020 20:02,Wendy Maynard,W. Maynard,AFE,Walk,10,,10
22/11/2020 20:48,Angel Ho,A. Ho,AFE,Run,10,,10
22/11/2020 20:49,William Wallace,W. Wallace,AOSX/AOS,Cycle,8,,2
22/11/2020 21:12,Paul Rogers,P. Rogers,AOSX/AOS,Walk,4,,4
22/11/2020 21:37,Susan Hill,S. Hill,AOSX/AOS,Run,2,,2
22/11/2020 22:24,Morgan Woods,M. Woods,ADSS/ADWS/ADWO,Swim,3,,18
23/11/2020 00:55,Brian Lambert,B. Lambert,AFE,Walk,1,,1
23/11/2020 01:03,Jeffrey Fisher,J. Fisher,ABM,Cycle,9,,2.25
23/11/2020 02:30,Heidi Caldwell,H. Caldwell,ABM,Run,6,,6
23/11/2020 02:31,Michael Brown,M. Brown,ABM,Run,6,,6
23/11/2020 03:21,Kimberly Thomas,K. Thomas,AFE,Swim,7,,42
23/11/2020 04:39,David Johnson,D. Johnson,AFE,Walk,10,,10
23/11/2020 07:16,Patricia Roberts,P. Roberts,ATC,Run,6,,6
23/11/2020 11:30,Shelby Robertson,S. Robertson,ABM,Cycle,1,,0.25
23/11/2020 11:50,Mark Booker,M. Booker,AOSX/AOS,Cycle,6,,1.5
23/11/2020 11:59,Misty Stout,M. Stout,ADSS/ADWS/ADWO,Cycle,2,,0.5
23/11/2020 12:54,Steven Peterson,S. Peterson,ADW,Walk,8,,8
23/11/2020 13:38,Zachary Thomas,Z. Thomas,ADSS/ADWS/ADWO,Walk,8,,8
23/11/2020 13:59,Veronica Barnett,V. Barnett,ADW,Walk,8,,8
23/11/2020 14:27,Robert Clark,R. Clark,ABM,Run,1,,1
23/11/2020 15:12,Melinda Little,M. Little,ABM,Run,10,,10
23/11/2020 15:33,Mark Booker,M. Booker,AOSX/AOS,Swim,5,,30
23/11/2020 16:19,Craig Gonzalez,C. Gonzalez,ATC,Walk,4,,4
23/11/2020 19:10,Cameron Proctor,C. Proctor,ADSS/ADWS/ADWO,Walk,10,,10
23/11/2020 21:04,Danielle Vaughn,D. Vaughn,ADSS/ADWS/ADWO,Walk,5,,5
23/11/2020 22:38,Danielle Vaughn,D. Vaughn,ADSS/ADWS/ADWO,Walk,1,,1
23/11/2020 22:46,Ryan Mack,R. Mack,ADSS/ADWS/ADWO,Walk,8,,8
23/11/2020 23:41,Lori Pham,L. Pham,AOSX/AOS,Swim,10,,60
24/11/2020 00:32,Zachary Thomas,Z. Thomas,ADSS/ADWS/ADWO,Walk,4,,4
24/11/2020 01:01,Angel Ho,A. Ho,AFE,Walk,7,,7
24/11/2020 02:20,Catherine Wilkins,C. Wilkins,AFE,Run,7,,7
24/11/2020 02:58,Rick Rodriguez,R. Rodriguez,ADSS/ADWS/ADWO,Swim,1,,6
24/11/2020 04:22,Diana Lee,D. Lee,ATC,Run,1,,1
24/11/2020 05:07,Charles Tyler,C. Tyler,AFE,Swim,4,,24
24/11/2020 06:39,Kelsey Pacheco,K. Pacheco,ADSS/ADWS/ADWO,Run,3,,3
24/11/2020 06:54,Catherine Smith,C. Smith,ADW,Swim,2,,12
24/11/2020 08:13,Paul Rogers,P. Rogers,AOSX/AOS,Cycle,7,,1.75
24/11/2020 09:07,Susan Hill,S. Hill,AOSX/AOS,Walk,2,,2
24/11/2020 09:47,Andrea Ayers,A. Ayers,ADSS/ADWS/ADWO,Cycle,6,,1.5
24/11/2020 09:59,Jeffrey Fisher,J. Fisher,ABM,Walk,4,,4
24/11/2020 11:06,Veronica Barnett,V. Barnett,ADW,Walk,1,,1
24/11/2020 11:11,William Brown,W. Brown,ADSS/ADWS/ADWO,Cycle,8,,2
24/11/2020 11:32,Pamela Graham,P. Graham,ADW,Walk,2,,2
24/11/2020 12:17,Shawn Brown,S. Brown,ATC,Walk,3,,3
24/11/2020 13:58,Mark Booker,M. Booker,AOSX/AOS,Run,9,,9
24/11/2020 14:22,Vicki Flores,V. Flores,ADSS/ADWS/ADWO,Walk,3,,3
24/11/2020 14:48,Ian Townsend,I. Townsend,AOSX/AOS,Swim,9,,54
24/11/2020 15:03,James Hammond,J. Hammond,ADSS/ADWS/ADWO,Walk,1,,1
24/11/2020 15:16,Mary Jackson,M. Jackson,ATC,Run,1,,1
24/11/2020 15:46,Rick Johnson,R. Johnson,ATC,Run,6,,6
24/11/2020 16:07,Brian Lambert,B. Lambert,AFE,Swim,1,,6
24/11/2020 18:51,Anthony Warren,A. Warren,ADSS/ADWS/ADWO,Cycle,3,,0.75
24/11/2020 19:03,Sydney Parsons,S. Parsons,ADW,Swim,1,,6
24/11/2020 19:42,Kimberly Thomas,K. Thomas,AFE,Run,3,,3
24/11/2020 20:25,Kyle Jones,K. Jones,AFE,Swim,10,,60
24/11/2020 22:43,Tammy Franco,T. Franco,AFE,Swim,6,,36
25/11/2020 00:26,Danielle Vaughn,D. Vaughn,ADSS/ADWS/ADWO,Walk,10,,10
25/11/2020 00:32,Angel Ho,A. Ho,AFE,Swim,7,,42
25/11/2020 01:14,William Wallace,W. Wallace,AOSX/AOS,Run,4,,4
25/11/2020 01:56,Jonathan Calderon,J. Calderon,AFE,Swim,3,,18
25/11/2020 02:49,Jennifer Robbins,J. Robbins,AOSX/AOS,Swim,8,,48
25/11/2020 03:01,Todd Cross,T. Cross,ABM,Run,3,,3
25/11/2020 05:15,Robert Clark,R. Clark,ABM,Cycle,4,,1
25/11/2020 07:43,David Bell,D. Bell,AOSX/AOS,Swim,3,,18
25/11/2020 09:39,Ryan Mack,R. Mack,ADSS/ADWS/ADWO,Cycle,4,,1
25/11/2020 10:39,Stephanie Walker,S. Walker,AFE,Cycle,1,,0.25
25/11/2020 13:05,David Johnson,D. Johnson,AFE,Walk,9,,9
25/11/2020 13:08,William Baker,W. Baker,AFE,Swim,4,,24
25/11/2020 13:18,Michael Brown,M. Brown,ABM,Cycle,1,,0.25
25/11/2020 14:43,William Brown,W. Brown,ADSS/ADWS/ADWO,Run,10,,10
25/11/2020 16:29,Lori Pham,L. Pham,AOSX/AOS,Run,6,,6
25/11/2020 17:50,Jonathan Calderon,J. Calderon,AFE,Walk,7,,7
25/11/2020 19:26,Brandon Ramos,B. Ramos,AFE,Cycle,7,,1.75
25/11/2020 20:05,Jonathan Calderon,J. Calderon,AFE,Walk,8,,8
25/11/2020 23:55,Robert Clark,R. Clark,ABM,Run,4,,4
26/11/2020 00:29,Diana Lee,D. Lee,ATC,Walk,1,,1
26/11/2020 00:43,Paula Scott,P. Scott,ATC,Cycle,1,,0.25
26/11/2020 01:04,Jade Johnson,J. Johnson,ADSS/ADWS/ADWO,Swim,4,,24
26/11/2020 01:47,Patricia Roberts,P. Roberts,ATC,Run,2,,2
26/11/2020 02:57,Aaron Graham,A. Graham,ADSS/ADWS/ADWO,Walk,4,,4
26/11/2020 06:28,Kyle Jones,K. Jones,AFE,Run,1,,1
26/11/2020 06:33,Justin Richardson,J. Richardson,ADW,Walk,6,,6
26/11/2020 09:13,Steven Johnson,S. Johnson,ADW,Run,9,,9
26/11/2020 10:11,Arthur Kelly,A. Kelly,ATC,Cycle,9,,2.25
26/11/2020 10:13,Ryan Mack,R. Mack,ADSS/ADWS/ADWO,Walk,1,,1
26/11/2020 15:35,Ian Townsend,I. Townsend,AOSX/AOS,Cycle,9,,2.25
26/11/2020 19:03,Christopher Perry,C. Perry,ABM,Cycle,9,,2.25
26/11/2020 19:45,Jessica Carter,J. Carter,ADSS/ADWS/ADWO,Walk,2,,2
26/11/2020 20:29,Andrea Ayers,A. Ayers,ADSS/ADWS/ADWO,Cycle,8,,2
26/11/2020 20:48,Rick Rodriguez,R. Rodriguez,ADSS/ADWS/ADWO,Swim,5,,30
26/11/2020 22:44,Brandon Fuller,B. Fuller,ABM,Cycle,4,,1
26/11/2020 22:57,William Wallace,W. Wallace,AOSX/AOS,Walk,4,,4
26/11/2020 23:19,Jennifer Robbins,J. Robbins,AOSX/AOS,Swim,4,,24
27/11/2020 00:39,Ryan Mack,R. Mack,ADSS/ADWS/ADWO,Run,9,,9
27/11/2020 00:57,Lori Pham,L. Pham,AOSX/AOS,Cycle,10,,2.5
27/11/2020 01:10,George Cook,G. Cook,ADW,Walk,4,,4
27/11/2020 01:19,Andrea Ayers,A. Ayers,ADSS/ADWS/ADWO,Swim,7,,42
27/11/2020 01:33,David Johnson,D. Johnson,AFE,Run,5,,5
27/11/2020 01:57,Laura Tucker,L. Tucker,AOSX/AOS,Walk,4,,4
27/11/2020 02:56,Hannah Pitts,H. Pitts,AFE,Cycle,10,,2.5
27/11/2020 03:16,Julie Lam,J. Lam,AOSX/AOS,Walk,2,,2
27/11/2020 03:17,Brian Lambert,B. Lambert,AFE,Cycle,5,,1.25
27/11/2020 04:14,Arthur Kelly,A. Kelly,ATC,Cycle,4,,1
27/11/2020 04:49,Tanya Lamb,T. Lamb,AFE,Walk,4,,4
27/11/2020 06:59,Shelby Robertson,S. Robertson,ABM,Cycle,4,,1
27/11/2020 07:16,William Wallace,W. Wallace,AOSX/AOS,Cycle,1,,0.25
27/11/2020 07:55,Vicki Flores,V. Flores,ADSS/ADWS/ADWO,Walk,1,,1
27/11/2020 08:27,Veronica Barnett,V. Barnett,ADW,Walk,6,,6
27/11/2020 09:03,Barbara Baker,B. Baker,ATC,Walk,5,,5
27/11/2020 11:41,Jessica Carter,J. Carter,ADSS/ADWS/ADWO,Walk,9,,9
27/11/2020 13:00,Arthur Kelly,A. Kelly,ATC,Run,8,,8
27/11/2020 13:23,Thomas Berry,T. Berry,ADSS/ADWS/ADWO,Cycle,5,,1.25
27/11/2020 13:25,Julie Lam,J. Lam,AOSX/AOS,Walk,10,,10
27/11/2020 15:32,Rachel Webb,R. Webb,AFE,Run,8,,8
27/11/2020 16:57,Thomas Berry,T. Berry,ADSS/ADWS/ADWO,Cycle,2,,0.5
27/11/2020 17:35,Barbara Baker,B. Baker,ATC,Walk,2,,2
27/11/2020 20:31,Zachary Thomas,Z. Thomas,ADSS/ADWS/ADWO,Swim,8,,48
27/11/2020 21:05,Mary Jackson,M. Jackson,ATC,Run,2,,2
27/11/2020 21:50,Aaron Graham,A. Graham,ADSS/ADWS/ADWO,Swim,5,,30
27/11/2020 23:26,Paula Scott,P. Scott,ATC,Swim,1,,6
27/11/2020 23:27,Lori Pham,L. Pham,AOSX/AOS,Run,2,,2
28/11/2020 00:22,Jade Johnson,J. Johnson,ADSS/ADWS/ADWO,Run,5,,5
28/11/2020 01:17,Tracey Nguyen,T. Nguyen,AOSX/AOS,Walk,1,,1
28/11/2020 01:56,Deborah Gonzales,D. Gonzales,ABM,Walk,6,,6
28/11/2020 02:54,Jennifer Robbins,J. Robbins,AOSX/AOS,Walk,8,,8
28/11/2020 03:07,James Jones,J. Jones,AOSX/AOS,Cycle,4,,1
28/11/2020 03:57,Stefanie Tucker,S. Tucker,ABM,Walk,2,,2
28/11/2020 04:10,Tanya Lamb,T. Lamb,AFE,Swim,9,,54
28/11/2020 06:59,Melinda Little,M. Little,ABM,Walk,9,,9
28/11/2020 07:59,Barbara Williams,B. Williams,ADW,Walk,5,,5
28/11/2020 09:00,Kimberly Thomas,K. Thomas,AFE,Swim,1,,6
28/11/2020 10:03,Vicki Flores,V. Flores,ADSS/ADWS/ADWO,Swim,10,,60
28/11/2020 10:18,Danny Mason,D. Mason,AOSX/AOS,Cycle,9,,2.25
28/11/2020 10:53,Tanya Lamb,T. Lamb,AFE,Swim,3,,18
28/11/2020 11:14,Jerome Whitehead,J. Whitehead,ADW,Run,6,,6
28/11/2020 11:57,Mary Jackson,M. Jackson,ATC,Cycle,7,,1.75
28/11/2020 13:18,Stefanie Tucker,S. Tucker,ABM,Run,5,,5
28/11/2020 14:06,Deborah Gonzales,D. Gonzales,ABM,Cycle,6,,1.5
28/11/2020 16:52,Kelsey Pacheco,K. Pacheco,ADSS/ADWS/ADWO,Run,8,,8
28/11/2020 16:59,Anthony Warren,A. Warren,ADSS/ADWS/ADWO,Swim,7,,42
28/11/2020 17:01,Johnny Lee,J. Lee,AFE,Run,3,,3
28/11/2020 17:05,Jerome Whitehead,J. Whitehead,ADW,Run,7,,7
28/11/2020 17:39,Kelsey Pacheco,K. Pacheco,ADSS/ADWS/ADWO,Walk,10,,10
28/11/2020 18:08,Wendy Maynard,W. Maynard,AFE,Swim,2,,12
28/11/2020 18:22,Tammy Franco,T. Franco,AFE,Run,8,,8
28/11/2020 18:22,Craig Gonzalez,C. Gonzalez,ATC,Cycle,5,,1.25
28/11/2020 18:28,Arthur Kelly,A. Kelly,ATC,Swim,10,,60
28/11/2020 19:47,Kelsey Pacheco,K. Pacheco,ADSS/ADWS/ADWO,Run,9,,9
28/11/2020 20:18,Barbara Williams,B. Williams,ADW,Walk,5,,5
28/11/2020 21:30,William Baker,W. Baker,AFE,Walk,1,,1
28/11/2020 21:51,Jonathan Gardner,J. Gardner,AFE,Cycle,6,,1.5
28/11/2020 22:00,Sydney Parsons,S. Parsons,ADW,Swim,10,,60
28/11/2020 23:43,Paul Hoover,P. Hoover,AFE,Cycle,7,,1.75
29/11/2020 00:50,Mark Villanueva,M. Villanueva,ATC,Walk,2,,2
29/11/2020 02:14,Danny Mason,D. Mason,AOSX/AOS,Swim,9,,54
29/11/2020 02:41,Deborah Gonzales,D. Gonzales,ABM,Swim,7,,42
29/11/2020 02:45,Robert Clark,R. Clark,ABM,Cycle,5,,1.25
29/11/2020 03:24,Stefanie Tucker,S. Tucker,ABM,Run,2,,2
29/11/2020 05:09,James Mays,J. Mays,ADW,Cycle,7,,1.75
29/11/2020 06:57,William Brown,W. Brown,ADSS/ADWS/ADWO,Cycle,5,,1.25
29/11/2020 08:12,Arthur Kelly,A. Kelly,ATC,Swim,2,,12
29/11/2020 09:17,Harold Perez,H. Perez,AOSX/AOS,Cycle,7,,1.75
29/11/2020 09:29,Jessica Carter,J. Carter,ADSS/ADWS/ADWO,Cycle,5,,1.25
29/11/2020 10:33,Brandon Ramos,B. Ramos,AFE,Walk,1,,1
29/11/2020 10:52,Angel Ho,A. Ho,AFE,Swim,3,,18
29/11/2020 11:05,Todd Cross,T. Cross,ABM,Walk,6,,6
29/11/2020 11:59,Todd Cross,T. Cross,ABM,Cycle,9,,2.25
29/11/2020 13:06,James Rodriguez,J. Rodriguez,ADW,Walk,7,,7
29/11/2020 16:13,Evelyn Christian,E. Christian,AOSX/AOS,Walk,3,,3
29/11/2020 16:22,Rachel Webb,R. Webb,AFE,Swim,9,,54
29/11/2020 17:33,Brandon Ramos,B. Ramos,AFE,Swim,7,,42
29/11/2020 19:34,Brian Lambert,B. Lambert,AFE,Run,6,,6
29/11/2020 20:33,Lawrence Crawford,L. Crawford,AFE,Swim,2,,12
29/11/2020 20:55,Matthew Payne,M. Payne,AFE,Cycle,6,,1.5
29/11/2020 21:18,Melinda Little,M. Little,ABM,Cycle,6,,1.5
29/11/2020 22:25,Rick Johnson,R. Johnson,ATC,Run,1,,1
29/11/2020 23:33,Mary Jackson,M. Jackson,ATC,Swim,7,,42
29/11/2020 23:57,Angel Ho,A. Ho,AFE,Walk,8,,8
30/11/2020 01:25,Brandon Ramos,B. Ramos,AFE,Swim,6,,36
30/11/2020 01:55,Patricia Roberts,P. Roberts,ATC,Swim,2,,12
30/11/2020 03:24,Pamela Graham,P. Graham,ADW,Run,6,,6
30/11/2020 05:21,Lisa Simpson,L. Simpson,AFE,Run,10,,10
30/11/2020 06:43,Paul Rogers,P. Rogers,AOSX/AOS,Cycle,9,,2.25
30/11/2020 07:05,Rick Rodriguez,R. Rodriguez,ADSS/ADWS/ADWO,Run,1,,1
30/11/2020 08:50,Cynthia Webb,C. Webb,ADW,Run,2,,2
30/11/2020 09:27,Michael Brown,M. Brown,ABM,Swim,8,,48
30/11/2020 09:44,Ryan Mack,R. Mack,ADSS/ADWS/ADWO,Walk,6,,6
30/11/2020 12:34,Jonathan Harris,J. Harris,ADW,Walk,9,,9
30/11/2020 13:46,Andrea Ayers,A. Ayers,ADSS/ADWS/ADWO,Cycle,5,,1.25